2022-02-26 13:53:51.4645, Unable to read banned.txt
2022-02-26 13:53:51.4645, Adding Test Frequency: 247200000
2022-02-26 13:53:51.4645, Adding Test Frequency: 120300000
2022-02-26 13:53:51.4645, Adding Global Frequency: 248220000
2022-02-26 13:53:51.5556, DCS-SRS Server Running - 1.9.9.0
2022-02-26 13:53:51.9856, EVENT, TRANSMISSION LOGGING ENABLED
2022-02-26 13:53:52.8655, Running latest stable version: 1.9.9.0
2022-02-26 17:30:07.6415, TRANSMISSION, Za_RCuP13U6NzPSWDrFCvQ, Relais, 2, 69.420 FM. 2022-02-26 5:30:04 PM, 2022-02-26 5:30:07 PM, 108.63.217.4:54805
2022-02-26 17:35:36.5006, TRANSMISSION, Za_RCuP13U6NzPSWDrFCvQ, Relais, 2, 69.420 FM. 2022-02-26 5:35:35 PM, 2022-02-26 5:35:35 PM, 108.63.217.4:54805
2022-02-26 17:36:12.5091, Disconnecting Client
2022-02-26 17:36:12.5091, Removed Disconnected Client NcY61BaBy0W4GT6wAiZL5g
2022-02-26 17:36:46.2975, TRANSMISSION, wSmVAf8qlkes0RLBnT3btA, Zykstar, 2, 141.500 FM. 2022-02-26 5:36:45 PM, 2022-02-26 5:36:45 PM, 134.41.0.42:61761
2022-02-26 17:36:47.8165, TRANSMISSION, wSmVAf8qlkes0RLBnT3btA, Zykstar, 2, 141.500 FM. 2022-02-26 5:36:46 PM, 2022-02-26 5:36:47 PM, 134.41.0.42:61761
2022-02-26 17:36:52.3745, TRANSMISSION, wSmVAf8qlkes0RLBnT3btA, Zykstar, 2, 141.500 FM. 2022-02-26 5:36:51 PM, 2022-02-26 5:36:51 PM, 134.41.0.42:61761
2022-02-26 17:36:53.3905, TRANSMISSION, wSmVAf8qlkes0RLBnT3btA, Zykstar, 2, 141.500 FM. 2022-02-26 5:36:52 PM, 2022-02-26 5:36:52 PM, 134.41.0.42:61761
2022-02-26 18:02:49.8772, TRANSMISSION, 6CYmpKbEREiGHdLLjupTcg, Scurrdi, 2, 69.420 FM. 2022-02-26 6:02:47 PM, 2022-02-26 6:02:49 PM, 75.33.150.12:56517
2022-02-26 18:02:52.9128, TRANSMISSION, wSmVAf8qlkes0RLBnT3btA, Zykstar, 2, 69.420 FM. 2022-02-26 6:02:50 PM, 2022-02-26 6:02:52 PM, 134.41.0.42:61761
2022-02-26 18:02:55.4355, TRANSMISSION, Za_RCuP13U6NzPSWDrFCvQ, Relais, 2, 69.420 FM. 2022-02-26 6:02:53 PM, 2022-02-26 6:02:54 PM, 108.63.217.4:54805
2022-02-26 18:15:39.5409, TRANSMISSION, Za_RCuP13U6NzPSWDrFCvQ, Relais, 2, 69.420 FM. 2022-02-26 6:15:35 PM, 2022-02-26 6:15:39 PM, 108.63.217.4:54805
2022-02-26 18:15:56.2725, TRANSMISSION, Za_RCuP13U6NzPSWDrFCvQ, Relais, 2, 69.420 FM. 2022-02-26 6:15:53 PM, 2022-02-26 6:15:55 PM, 108.63.217.4:54805
2022-02-26 18:15:58.2925, TRANSMISSION, wSmVAf8qlkes0RLBnT3btA, Zykstar, 2, 69.420 FM. 2022-02-26 6:15:56 PM, 2022-02-26 6:15:57 PM, 134.41.0.42:61761
2022-02-26 18:16:02.8258, TRANSMISSION, Za_RCuP13U6NzPSWDrFCvQ, Relais, 2, 69.420 FM. 2022-02-26 6:16:00 PM, 2022-02-26 6:16:02 PM, 108.63.217.4:54805
2022-02-26 18:16:09.4113, TRANSMISSION, Za_RCuP13U6NzPSWDrFCvQ, Relais, 2, 69.420 FM. 2022-02-26 6:16:08 PM, 2022-02-26 6:16:08 PM, 108.63.217.4:54805
2022-02-26 18:17:10.6145, TRANSMISSION, Za_RCuP13U6NzPSWDrFCvQ, Relais, 2, 69.420 FM. 2022-02-26 6:17:07 PM, 2022-02-26 6:17:10 PM, 108.63.217.4:54805
2022-02-26 18:18:12.3450, TRANSMISSION, Za_RCuP13U6NzPSWDrFCvQ, Relais, 2, 69.420 FM. 2022-02-26 6:18:10 PM, 2022-02-26 6:18:11 PM, 108.63.217.4:54805
2022-02-26 18:19:35.8303, TRANSMISSION, Za_RCuP13U6NzPSWDrFCvQ, Relais, 2, 69.420 FM. 2022-02-26 6:19:29 PM, 2022-02-26 6:19:34 PM, 108.63.217.4:54805
2022-02-26 18:19:39.3678, TRANSMISSION, wSmVAf8qlkes0RLBnT3btA, Zykstar, 2, 69.420 FM. 2022-02-26 6:19:37 PM, 2022-02-26 6:19:38 PM, 134.41.0.42:61761
2022-02-26 18:21:27.2105, TRANSMISSION, wSmVAf8qlkes0RLBnT3btA, Zykstar, 2, 69.420 FM. 2022-02-26 6:21:25 PM, 2022-02-26 6:21:26 PM, 134.41.0.42:61761
2022-02-26 18:21:41.5445, Disconnecting Client
2022-02-26 18:21:41.5445, Removed Disconnected Client 6CYmpKbEREiGHdLLjupTcg
2022-02-26 18:21:53.6135, TRANSMISSION, 6CYmpKbEREiGHdLLjupTcg, Scurrdi, 2, 69.420 FM. 2022-02-26 6:21:51 PM, 2022-02-26 6:21:52 PM, 75.33.150.12:64260
2022-02-26 18:21:56.1355, TRANSMISSION, wSmVAf8qlkes0RLBnT3btA, Zykstar, 2, 69.420 FM. 2022-02-26 6:21:54 PM, 2022-02-26 6:21:55 PM, 134.41.0.42:61761
2022-02-26 18:21:58.1658, TRANSMISSION, Za_RCuP13U6NzPSWDrFCvQ, Relais, 2, 69.420 FM. 2022-02-26 6:21:56 PM, 2022-02-26 6:21:57 PM, 108.63.217.4:54805
2022-02-26 18:22:31.0575, TRANSMISSION, 6CYmpKbEREiGHdLLjupTcg, Scurrdi, 2, 69.420 FM. 2022-02-26 6:21:59 PM, 2022-02-26 6:22:30 PM, 75.33.150.12:64260
2022-02-26 18:22:33.0915, TRANSMISSION, Za_RCuP13U6NzPSWDrFCvQ, Relais, 2, 69.420 FM. 2022-02-26 6:22:31 PM, 2022-02-26 6:22:32 PM, 108.63.217.4:54805
2022-02-26 18:22:37.1535, TRANSMISSION, wSmVAf8qlkes0RLBnT3btA, Zykstar, 2, 69.420 FM. 2022-02-26 6:22:31 PM, 2022-02-26 6:22:36 PM, 134.41.0.42:61761
2022-02-26 18:22:54.3731, TRANSMISSION, 6CYmpKbEREiGHdLLjupTcg, Scurrdi, 2, 69.420 FM. 2022-02-26 6:22:38 PM, 2022-02-26 6:22:53 PM, 75.33.150.12:64260
2022-02-26 18:23:07.5234, TRANSMISSION, wSmVAf8qlkes0RLBnT3btA, Zykstar, 2, 69.420 FM. 2022-02-26 6:22:59 PM, 2022-02-26 6:23:06 PM, 134.41.0.42:61761
2022-02-26 18:23:13.0915, TRANSMISSION, wSmVAf8qlkes0RLBnT3btA, Zykstar, 2, 69.420 FM. 2022-02-26 6:23:07 PM, 2022-02-26 6:23:12 PM, 134.41.0.42:61761
2022-02-26 18:23:27.7265, TRANSMISSION, 6CYmpKbEREiGHdLLjupTcg, Scurrdi, 2, 69.420 FM. 2022-02-26 6:23:23 PM, 2022-02-26 6:23:27 PM, 75.33.150.12:64260
2022-02-26 18:23:29.7495, TRANSMISSION, wSmVAf8qlkes0RLBnT3btA, Zykstar, 2, 69.420 FM. 2022-02-26 6:23:27 PM, 2022-02-26 6:23:29 PM, 134.41.0.42:61761
2022-02-26 18:24:29.9915, TRANSMISSION, Za_RCuP13U6NzPSWDrFCvQ, Relais, 2, 69.420 FM. 2022-02-26 6:24:18 PM, 2022-02-26 6:24:29 PM, 108.63.217.4:54805
2022-02-26 18:26:44.1805, TRANSMISSION, Za_RCuP13U6NzPSWDrFCvQ, Relais, 2, 69.420 FM. 2022-02-26 6:26:42 PM, 2022-02-26 6:26:43 PM, 108.63.217.4:54805
2022-02-26 18:27:29.6435, Disconnecting Client
2022-02-26 18:27:29.6435, Removed Disconnected Client 6CYmpKbEREiGHdLLjupTcg
2022-02-26 18:27:44.8901, TRANSMISSION, 6CYmpKbEREiGHdLLjupTcg, Scurrdi, 2, 69.420 FM. 2022-02-26 6:27:38 PM, 2022-02-26 6:27:44 PM, 75.33.150.12:51772
2022-02-26 18:27:48.9456, TRANSMISSION, Za_RCuP13U6NzPSWDrFCvQ, Relais, 2, 69.420 FM. 2022-02-26 6:27:46 PM, 2022-02-26 6:27:48 PM, 108.63.217.4:54805
2022-02-26 18:27:58.6068, TRANSMISSION, 6CYmpKbEREiGHdLLjupTcg, Scurrdi, 2, 69.420 FM. 2022-02-26 6:27:54 PM, 2022-02-26 6:27:58 PM, 75.33.150.12:51772
2022-02-26 18:28:23.9035, TRANSMISSION, Za_RCuP13U6NzPSWDrFCvQ, Relais, 2, 69.420 FM. 2022-02-26 6:28:01 PM, 2022-02-26 6:28:23 PM, 108.63.217.4:54805
2022-02-26 18:28:33.0095, TRANSMISSION, Za_RCuP13U6NzPSWDrFCvQ, Relais, 2, 69.420 FM. 2022-02-26 6:28:30 PM, 2022-02-26 6:28:32 PM, 108.63.217.4:54805
2022-02-26 18:30:30.9048, TRANSMISSION, Za_RCuP13U6NzPSWDrFCvQ, Relais, 2, 69.420 FM. 2022-02-26 6:30:27 PM, 2022-02-26 6:30:30 PM, 108.63.217.4:54805
2022-02-26 18:30:44.0524, TRANSMISSION, 6CYmpKbEREiGHdLLjupTcg, Scurrdi, 2, 69.420 FM. 2022-02-26 6:30:37 PM, 2022-02-26 6:30:43 PM, 75.33.150.12:51772
2022-02-26 18:30:45.5835, TRANSMISSION, Za_RCuP13U6NzPSWDrFCvQ, Relais, 2, 69.420 FM. 2022-02-26 6:30:43 PM, 2022-02-26 6:30:45 PM, 108.63.217.4:54805
2022-02-26 18:30:50.1289, TRANSMISSION, wSmVAf8qlkes0RLBnT3btA, Zykstar, 2, 69.420 FM. 2022-02-26 6:30:46 PM, 2022-02-26 6:30:49 PM, 134.41.0.42:61761
2022-02-26 18:30:52.6435, TRANSMISSION, Za_RCuP13U6NzPSWDrFCvQ, Relais, 2, 69.420 FM. 2022-02-26 6:30:50 PM, 2022-02-26 6:30:52 PM, 108.63.217.4:54805
2022-02-26 18:30:55.1705, TRANSMISSION, wSmVAf8qlkes0RLBnT3btA, Zykstar, 2, 69.420 FM. 2022-02-26 6:30:53 PM, 2022-02-26 6:30:54 PM, 134.41.0.42:61761
2022-02-26 18:33:33.4558, Disconnecting Client
2022-02-26 18:33:33.4558, Removed Disconnected Client 6CYmpKbEREiGHdLLjupTcg
2022-02-26 18:33:46.6448, TRANSMISSION, 6CYmpKbEREiGHdLLjupTcg, Scurrdi, 2, 69.420 FM. 2022-02-26 6:33:41 PM, 2022-02-26 6:33:45 PM, 75.33.150.12:53866
2022-02-26 18:33:49.1605, TRANSMISSION, Za_RCuP13U6NzPSWDrFCvQ, Relais, 2, 69.420 FM. 2022-02-26 6:33:46 PM, 2022-02-26 6:33:48 PM, 108.63.217.4:54805
2022-02-26 18:33:57.2415, TRANSMISSION, Za_RCuP13U6NzPSWDrFCvQ, Relais, 2, 69.420 FM. 2022-02-26 6:33:51 PM, 2022-02-26 6:33:56 PM, 108.63.217.4:54805
2022-02-26 18:34:09.9035, TRANSMISSION, 6CYmpKbEREiGHdLLjupTcg, Scurrdi, 2, 69.420 FM. 2022-02-26 6:34:05 PM, 2022-02-26 6:34:09 PM, 75.33.150.12:53866
2022-02-26 18:34:12.4215, TRANSMISSION, Za_RCuP13U6NzPSWDrFCvQ, Relais, 2, 69.420 FM. 2022-02-26 6:34:11 PM, 2022-02-26 6:34:11 PM, 108.63.217.4:54805
2022-02-26 18:39:09.6925, TRANSMISSION, 6CYmpKbEREiGHdLLjupTcg, Scurrdi, 2, 69.420 FM. 2022-02-26 6:39:04 PM, 2022-02-26 6:39:09 PM, 75.33.150.12:53866
2022-02-26 18:39:11.7075, TRANSMISSION, Za_RCuP13U6NzPSWDrFCvQ, Relais, 2, 69.420 FM. 2022-02-26 6:39:10 PM, 2022-02-26 6:39:11 PM, 108.63.217.4:54805
2022-02-26 18:41:09.6025, TRANSMISSION, Za_RCuP13U6NzPSWDrFCvQ, Relais, 2, 69.420 FM. 2022-02-26 6:41:08 PM, 2022-02-26 6:41:09 PM, 108.63.217.4:54805
2022-02-26 18:41:12.6321, TRANSMISSION, 6CYmpKbEREiGHdLLjupTcg, Scurrdi, 2, 69.420 FM. 2022-02-26 6:41:11 PM, 2022-02-26 6:41:12 PM, 75.33.150.12:53866
2022-02-26 18:41:23.7835, TRANSMISSION, Za_RCuP13U6NzPSWDrFCvQ, Relais, 2, 69.420 FM. 2022-02-26 6:41:13 PM, 2022-02-26 6:41:23 PM, 108.63.217.4:54805
2022-02-26 18:41:35.9308, TRANSMISSION, 6CYmpKbEREiGHdLLjupTcg, Scurrdi, 2, 69.420 FM. 2022-02-26 6:41:25 PM, 2022-02-26 6:41:35 PM, 75.33.150.12:53866
2022-02-26 18:41:39.9756, TRANSMISSION, Za_RCuP13U6NzPSWDrFCvQ, Relais, 2, 69.420 FM. 2022-02-26 6:41:36 PM, 2022-02-26 6:41:39 PM, 108.63.217.4:54805
2022-02-26 18:41:43.5067, TRANSMISSION, 6CYmpKbEREiGHdLLjupTcg, Scurrdi, 2, 69.420 FM. 2022-02-26 6:41:42 PM, 2022-02-26 6:41:42 PM, 75.33.150.12:53866
2022-02-26 18:43:49.0225, TRANSMISSION, 6CYmpKbEREiGHdLLjupTcg, Scurrdi, 2, 69.420 FM. 2022-02-26 6:43:45 PM, 2022-02-26 6:43:48 PM, 75.33.150.12:53866
2022-02-26 18:43:52.5620, TRANSMISSION, Za_RCuP13U6NzPSWDrFCvQ, Relais, 2, 69.420 FM. 2022-02-26 6:43:49 PM, 2022-02-26 6:43:51 PM, 108.63.217.4:54805
2022-02-26 18:44:01.6896, TRANSMISSION, Za_RCuP13U6NzPSWDrFCvQ, Relais, 2, 69.420 FM. 2022-02-26 6:43:52 PM, 2022-02-26 6:44:01 PM, 108.63.217.4:54805
2022-02-26 18:44:03.7157, TRANSMISSION, Za_RCuP13U6NzPSWDrFCvQ, Relais, 2, 69.420 FM. 2022-02-26 6:44:01 PM, 2022-02-26 6:44:03 PM, 108.63.217.4:54805
2022-02-26 18:44:06.2435, TRANSMISSION, 6CYmpKbEREiGHdLLjupTcg, Scurrdi, 2, 69.420 FM. 2022-02-26 6:44:04 PM, 2022-02-26 6:44:05 PM, 75.33.150.12:53866
2022-02-26 18:45:11.4208, TRANSMISSION, Za_RCuP13U6NzPSWDrFCvQ, Relais, 2, 69.420 FM. 2022-02-26 6:45:09 PM, 2022-02-26 6:45:10 PM, 108.63.217.4:54805
2022-02-26 18:45:18.0028, TRANSMISSION, wSmVAf8qlkes0RLBnT3btA, Zykstar, 2, 69.420 FM. 2022-02-26 6:45:12 PM, 2022-02-26 6:45:17 PM, 134.41.0.42:61761
2022-02-26 18:45:19.5183, TRANSMISSION, Za_RCuP13U6NzPSWDrFCvQ, Relais, 2, 69.420 FM. 2022-02-26 6:45:18 PM, 2022-02-26 6:45:18 PM, 108.63.217.4:54805
2022-02-26 18:45:24.5655, TRANSMISSION, 6CYmpKbEREiGHdLLjupTcg, Scurrdi, 2, 69.420 FM. 2022-02-26 6:45:20 PM, 2022-02-26 6:45:24 PM, 75.33.150.12:53866
2022-02-26 18:47:33.6545, TRANSMISSION, 6CYmpKbEREiGHdLLjupTcg, Scurrdi, 2, 69.420 FM. 2022-02-26 6:47:28 PM, 2022-02-26 6:47:33 PM, 75.33.150.12:53866
2022-02-26 18:47:35.1795, TRANSMISSION, Za_RCuP13U6NzPSWDrFCvQ, Relais, 2, 69.420 FM. 2022-02-26 6:47:34 PM, 2022-02-26 6:47:34 PM, 108.63.217.4:54805
2022-02-26 18:50:21.1680, TRANSMISSION, Za_RCuP13U6NzPSWDrFCvQ, Relais, 2, 69.420 FM. 2022-02-26 6:50:14 PM, 2022-02-26 6:50:20 PM, 108.63.217.4:54805
2022-02-26 18:50:23.6995, TRANSMISSION, wSmVAf8qlkes0RLBnT3btA, Zykstar, 2, 69.420 FM. 2022-02-26 6:50:20 PM, 2022-02-26 6:50:23 PM, 134.41.0.42:61761
2022-02-26 18:50:56.7903, Disconnecting Client
2022-02-26 18:50:56.7903, Removed Disconnected Client 6CYmpKbEREiGHdLLjupTcg
2022-02-26 18:50:59.1285, TRANSMISSION, wSmVAf8qlkes0RLBnT3btA, Zykstar, 2, 69.420 FM. 2022-02-26 6:50:52 PM, 2022-02-26 6:50:58 PM, 134.41.0.42:61761
2022-02-26 18:51:03.6699, TRANSMISSION, Za_RCuP13U6NzPSWDrFCvQ, Relais, 2, 69.420 FM. 2022-02-26 6:51:01 PM, 2022-02-26 6:51:03 PM, 108.63.217.4:54805
2022-02-26 18:51:05.6881, TRANSMISSION, wSmVAf8qlkes0RLBnT3btA, Zykstar, 2, 69.420 FM. 2022-02-26 6:51:03 PM, 2022-02-26 6:51:04 PM, 134.41.0.42:61761
2022-02-26 18:51:08.2305, TRANSMISSION, Za_RCuP13U6NzPSWDrFCvQ, Relais, 2, 69.420 FM. 2022-02-26 6:51:06 PM, 2022-02-26 6:51:07 PM, 108.63.217.4:54805
2022-02-26 18:51:08.7325, TRANSMISSION, 6CYmpKbEREiGHdLLjupTcg, Scurrdi, 2, 141.500 FM. 2022-02-26 6:51:07 PM, 2022-02-26 6:51:07 PM, 75.33.150.12:63421
2022-02-26 18:51:14.8065, TRANSMISSION, 6CYmpKbEREiGHdLLjupTcg, Scurrdi, 2, 141.500 FM. 2022-02-26 6:51:12 PM, 2022-02-26 6:51:14 PM, 75.33.150.12:63421
2022-02-26 18:51:16.3225, TRANSMISSION, wSmVAf8qlkes0RLBnT3btA, Zykstar, 2, 69.420 FM. 2022-02-26 6:51:08 PM, 2022-02-26 6:51:15 PM, 134.41.0.42:61761
2022-02-26 18:51:17.3290, TRANSMISSION, Za_RCuP13U6NzPSWDrFCvQ, Relais, 2, 69.420 FM. 2022-02-26 6:51:16 PM, 2022-02-26 6:51:16 PM, 108.63.217.4:54805
2022-02-26 18:51:24.4369, TRANSMISSION, 6CYmpKbEREiGHdLLjupTcg, Scurrdi, 2, 141.500 FM. 2022-02-26 6:51:17 PM, 2022-02-26 6:51:23 PM, 75.33.150.12:63421
2022-02-26 18:51:25.4455, TRANSMISSION, Za_RCuP13U6NzPSWDrFCvQ, Relais, 2, 69.420 FM. 2022-02-26 6:51:21 PM, 2022-02-26 6:51:24 PM, 108.63.217.4:54805
2022-02-26 18:51:27.9725, TRANSMISSION, 6CYmpKbEREiGHdLLjupTcg, Scurrdi, 2, 141.500 FM. 2022-02-26 6:51:25 PM, 2022-02-26 6:51:27 PM, 75.33.150.12:63421
2022-02-26 18:51:29.9965, TRANSMISSION, Za_RCuP13U6NzPSWDrFCvQ, Relais, 2, 69.420 FM. 2022-02-26 6:51:28 PM, 2022-02-26 6:51:29 PM, 108.63.217.4:54805
2022-02-26 18:51:45.1603, TRANSMISSION, 6CYmpKbEREiGHdLLjupTcg, Scurrdi, 2, 141.500 FM. 2022-02-26 6:51:30 PM, 2022-02-26 6:51:44 PM, 75.33.150.12:63421
2022-02-26 18:51:51.7455, TRANSMISSION, Za_RCuP13U6NzPSWDrFCvQ, Relais, 2, 141.500 FM. 2022-02-26 6:51:45 PM, 2022-02-26 6:51:50 PM, 108.63.217.4:54805
2022-02-26 18:51:56.3085, TRANSMISSION, 6CYmpKbEREiGHdLLjupTcg, Scurrdi, 2, 69.420 FM. 2022-02-26 6:51:54 PM, 2022-02-26 6:51:55 PM, 75.33.150.12:63421
2022-02-26 18:51:58.3285, TRANSMISSION, 6CYmpKbEREiGHdLLjupTcg, Scurrdi, 2, 69.420 FM. 2022-02-26 6:51:56 PM, 2022-02-26 6:51:57 PM, 75.33.150.12:63421
2022-02-26 18:52:20.1001, TRANSMISSION, Za_RCuP13U6NzPSWDrFCvQ, Relais, 2, 69.420 FM. 2022-02-26 6:52:12 PM, 2022-02-26 6:52:19 PM, 108.63.217.4:54805
2022-02-26 18:52:22.6308, TRANSMISSION, 6CYmpKbEREiGHdLLjupTcg, Scurrdi, 2, 69.420 FM. 2022-02-26 6:52:20 PM, 2022-02-26 6:52:22 PM, 75.33.150.12:63421
2022-02-26 18:55:14.2255, TRANSMISSION, Za_RCuP13U6NzPSWDrFCvQ, Relais, 2, 69.420 FM. 2022-02-26 6:55:12 PM, 2022-02-26 6:55:13 PM, 108.63.217.4:54805
2022-02-26 18:55:20.8105, TRANSMISSION, 6CYmpKbEREiGHdLLjupTcg, Scurrdi, 2, 69.420 FM. 2022-02-26 6:55:18 PM, 2022-02-26 6:55:20 PM, 75.33.150.12:63421
2022-02-26 18:55:24.3518, TRANSMISSION, Za_RCuP13U6NzPSWDrFCvQ, Relais, 2, 69.420 FM. 2022-02-26 6:55:21 PM, 2022-02-26 6:55:23 PM, 108.63.217.4:54805
2022-02-26 18:55:33.9585, TRANSMISSION, Za_RCuP13U6NzPSWDrFCvQ, Relais, 2, 69.420 FM. 2022-02-26 6:55:31 PM, 2022-02-26 6:55:33 PM, 108.63.217.4:54805
2022-02-26 18:55:58.2045, TRANSMISSION, 6CYmpKbEREiGHdLLjupTcg, Scurrdi, 2, 69.420 FM. 2022-02-26 6:55:54 PM, 2022-02-26 6:55:57 PM, 75.33.150.12:63421
2022-02-26 18:56:02.2538, TRANSMISSION, Za_RCuP13U6NzPSWDrFCvQ, Relais, 2, 69.420 FM. 2022-02-26 6:55:59 PM, 2022-02-26 6:56:01 PM, 108.63.217.4:54805
2022-02-26 18:57:05.9398, TRANSMISSION, Za_RCuP13U6NzPSWDrFCvQ, Relais, 2, 69.420 FM. 2022-02-26 6:57:03 PM, 2022-02-26 6:57:05 PM, 108.63.217.4:54805
2022-02-26 18:57:10.9745, TRANSMISSION, Za_RCuP13U6NzPSWDrFCvQ, Relais, 2, 69.420 FM. 2022-02-26 6:57:06 PM, 2022-02-26 6:57:10 PM, 108.63.217.4:54805
2022-02-26 18:57:17.5612, TRANSMISSION, 6CYmpKbEREiGHdLLjupTcg, Scurrdi, 2, 69.420 FM. 2022-02-26 6:57:10 PM, 2022-02-26 6:57:17 PM, 75.33.150.12:63421
2022-02-26 18:57:20.1015, TRANSMISSION, Za_RCuP13U6NzPSWDrFCvQ, Relais, 2, 69.420 FM. 2022-02-26 6:57:18 PM, 2022-02-26 6:57:19 PM, 108.63.217.4:54805
2022-02-26 18:57:25.1558, TRANSMISSION, 6CYmpKbEREiGHdLLjupTcg, Scurrdi, 2, 69.420 FM. 2022-02-26 6:57:20 PM, 2022-02-26 6:57:24 PM, 75.33.150.12:63421
2022-02-26 18:57:33.2459, TRANSMISSION, Za_RCuP13U6NzPSWDrFCvQ, Relais, 2, 69.420 FM. 2022-02-26 6:57:27 PM, 2022-02-26 6:57:32 PM, 108.63.217.4:54805
2022-02-26 18:57:33.2459, TRANSMISSION, 6CYmpKbEREiGHdLLjupTcg, Scurrdi, 2, 69.420 FM. 2022-02-26 6:57:30 PM, 2022-02-26 6:57:32 PM, 75.33.150.12:63421
2022-02-26 18:57:56.0045, TRANSMISSION, 6CYmpKbEREiGHdLLjupTcg, Scurrdi, 2, 69.420 FM. 2022-02-26 6:57:51 PM, 2022-02-26 6:57:55 PM, 75.33.150.12:63421
2022-02-26 18:58:24.8260, TRANSMISSION, Za_RCuP13U6NzPSWDrFCvQ, Relais, 2, 69.420 FM. 2022-02-26 6:58:20 PM, 2022-02-26 6:58:24 PM, 108.63.217.4:54805
2022-02-26 18:58:27.8658, TRANSMISSION, 6CYmpKbEREiGHdLLjupTcg, Scurrdi, 2, 69.420 FM. 2022-02-26 6:58:26 PM, 2022-02-26 6:58:26 PM, 75.33.150.12:63421
2022-02-26 18:59:02.3695, TRANSMISSION, Za_RCuP13U6NzPSWDrFCvQ, Relais, 2, 69.420 FM. 2022-02-26 6:58:59 PM, 2022-02-26 6:59:01 PM, 108.63.217.4:54805
2022-02-26 18:59:10.9695, TRANSMISSION, 6CYmpKbEREiGHdLLjupTcg, Scurrdi, 2, 69.420 FM. 2022-02-26 6:59:07 PM, 2022-02-26 6:59:10 PM, 75.33.150.12:63421
2022-02-26 18:59:17.0414, TRANSMISSION, Za_RCuP13U6NzPSWDrFCvQ, Relais, 2, 69.420 FM. 2022-02-26 6:59:15 PM, 2022-02-26 6:59:16 PM, 108.63.217.4:54805
2022-02-26 19:00:50.6155, TRANSMISSION, 6CYmpKbEREiGHdLLjupTcg, Scurrdi, 2, 69.420 FM. 2022-02-26 7:00:49 PM, 2022-02-26 7:00:49 PM, 75.33.150.12:63421
2022-02-26 19:00:53.6925, TRANSMISSION, Za_RCuP13U6NzPSWDrFCvQ, Relais, 2, 69.420 FM. 2022-02-26 7:00:48 PM, 2022-02-26 7:00:53 PM, 108.63.217.4:54805
2022-02-26 19:00:55.2062, TRANSMISSION, 6CYmpKbEREiGHdLLjupTcg, Scurrdi, 2, 69.420 FM. 2022-02-26 7:00:53 PM, 2022-02-26 7:00:54 PM, 75.33.150.12:63421
2022-02-26 19:01:41.3485, TRANSMISSION, Za_RCuP13U6NzPSWDrFCvQ, Relais, 2, 69.420 FM. 2022-02-26 7:01:39 PM, 2022-02-26 7:01:40 PM, 108.63.217.4:54805
2022-02-26 19:02:53.2655, TRANSMISSION, 6CYmpKbEREiGHdLLjupTcg, Scurrdi, 2, 69.420 FM. 2022-02-26 7:02:49 PM, 2022-02-26 7:02:52 PM, 75.33.150.12:63421
2022-02-26 19:02:55.7925, TRANSMISSION, Za_RCuP13U6NzPSWDrFCvQ, Relais, 2, 69.420 FM. 2022-02-26 7:02:53 PM, 2022-02-26 7:02:55 PM, 108.63.217.4:54805
2022-02-26 19:03:26.6375, TRANSMISSION, Za_RCuP13U6NzPSWDrFCvQ, Relais, 2, 69.420 FM. 2022-02-26 7:03:23 PM, 2022-02-26 7:03:25 PM, 108.63.217.4:54805
2022-02-26 19:03:41.8585, TRANSMISSION, 6CYmpKbEREiGHdLLjupTcg, Scurrdi, 2, 69.420 FM. 2022-02-26 7:03:35 PM, 2022-02-26 7:03:41 PM, 75.33.150.12:63421
2022-02-26 19:03:43.3758, TRANSMISSION, Za_RCuP13U6NzPSWDrFCvQ, Relais, 2, 69.420 FM. 2022-02-26 7:03:42 PM, 2022-02-26 7:03:42 PM, 108.63.217.4:54805
2022-02-26 19:04:11.7115, TRANSMISSION, Za_RCuP13U6NzPSWDrFCvQ, Relais, 2, 69.420 FM. 2022-02-26 7:04:09 PM, 2022-02-26 7:04:11 PM, 108.63.217.4:54805
2022-02-26 19:04:32.4800, TRANSMISSION, 6CYmpKbEREiGHdLLjupTcg, Scurrdi, 2, 69.420 FM. 2022-02-26 7:04:29 PM, 2022-02-26 7:04:31 PM, 75.33.150.12:63421
2022-02-26 19:04:40.0893, TRANSMISSION, Za_RCuP13U6NzPSWDrFCvQ, Relais, 2, 69.420 FM. 2022-02-26 7:04:34 PM, 2022-02-26 7:04:39 PM, 108.63.217.4:54805
2022-02-26 19:05:39.8413, TRANSMISSION, Za_RCuP13U6NzPSWDrFCvQ, Relais, 2, 69.420 FM. 2022-02-26 7:05:36 PM, 2022-02-26 7:05:39 PM, 108.63.217.4:54805
2022-02-26 19:05:48.9458, TRANSMISSION, 6CYmpKbEREiGHdLLjupTcg, Scurrdi, 2, 69.420 FM. 2022-02-26 7:05:48 PM, 2022-02-26 7:05:48 PM, 75.33.150.12:63421
2022-02-26 19:05:49.4559, TRANSMISSION, wSmVAf8qlkes0RLBnT3btA, Zykstar, 2, 69.420 FM. 2022-02-26 7:05:46 PM, 2022-02-26 7:05:49 PM, 134.41.0.42:61761
2022-02-26 19:05:50.4645, TRANSMISSION, Za_RCuP13U6NzPSWDrFCvQ, Relais, 2, 69.420 FM. 2022-02-26 7:05:49 PM, 2022-02-26 7:05:49 PM, 108.63.217.4:54805
2022-02-26 19:06:25.9276, TRANSMISSION, 6CYmpKbEREiGHdLLjupTcg, Scurrdi, 2, 69.420 FM. 2022-02-26 7:06:23 PM, 2022-02-26 7:06:25 PM, 75.33.150.12:63421
2022-02-26 19:06:28.9608, TRANSMISSION, Za_RCuP13U6NzPSWDrFCvQ, Relais, 2, 69.420 FM. 2022-02-26 7:06:25 PM, 2022-02-26 7:06:28 PM, 108.63.217.4:54805
2022-02-26 19:06:33.5165, TRANSMISSION, Za_RCuP13U6NzPSWDrFCvQ, Relais, 2, 69.420 FM. 2022-02-26 7:06:31 PM, 2022-02-26 7:06:33 PM, 108.63.217.4:54805
2022-02-26 19:06:36.5448, TRANSMISSION, 6CYmpKbEREiGHdLLjupTcg, Scurrdi, 2, 69.420 FM. 2022-02-26 7:06:33 PM, 2022-02-26 7:06:35 PM, 75.33.150.12:63421
2022-02-26 19:06:38.5668, TRANSMISSION, Za_RCuP13U6NzPSWDrFCvQ, Relais, 2, 69.420 FM. 2022-02-26 7:06:37 PM, 2022-02-26 7:06:37 PM, 108.63.217.4:54805
2022-02-26 19:07:20.1213, TRANSMISSION, 6CYmpKbEREiGHdLLjupTcg, Scurrdi, 2, 69.420 FM. 2022-02-26 7:07:15 PM, 2022-02-26 7:07:19 PM, 75.33.150.12:63421
2022-02-26 19:07:22.6448, TRANSMISSION, Za_RCuP13U6NzPSWDrFCvQ, Relais, 2, 69.420 FM. 2022-02-26 7:07:20 PM, 2022-02-26 7:07:21 PM, 108.63.217.4:54805
2022-02-26 19:07:52.9568, TRANSMISSION, 6CYmpKbEREiGHdLLjupTcg, Scurrdi, 2, 69.420 FM. 2022-02-26 7:07:48 PM, 2022-02-26 7:07:52 PM, 75.33.150.12:63421
2022-02-26 19:08:06.6165, TRANSMISSION, Za_RCuP13U6NzPSWDrFCvQ, Relais, 2, 69.420 FM. 2022-02-26 7:08:04 PM, 2022-02-26 7:08:06 PM, 108.63.217.4:54805
2022-02-26 19:08:11.1615, TRANSMISSION, 6CYmpKbEREiGHdLLjupTcg, Scurrdi, 2, 69.420 FM. 2022-02-26 7:08:08 PM, 2022-02-26 7:08:10 PM, 75.33.150.12:63421
2022-02-26 19:08:29.8705, TRANSMISSION, 6CYmpKbEREiGHdLLjupTcg, Scurrdi, 2, 69.420 FM. 2022-02-26 7:08:24 PM, 2022-02-26 7:08:29 PM, 75.33.150.12:63421
2022-02-26 19:08:32.9152, TRANSMISSION, Za_RCuP13U6NzPSWDrFCvQ, Relais, 2, 69.420 FM. 2022-02-26 7:08:31 PM, 2022-02-26 7:08:32 PM, 108.63.217.4:54805
2022-02-26 19:08:41.0038, TRANSMISSION, Za_RCuP13U6NzPSWDrFCvQ, Relais, 2, 69.420 FM. 2022-02-26 7:08:33 PM, 2022-02-26 7:08:40 PM, 108.63.217.4:54805
2022-02-26 19:08:52.1348, TRANSMISSION, 6CYmpKbEREiGHdLLjupTcg, Scurrdi, 2, 69.420 FM. 2022-02-26 7:08:43 PM, 2022-02-26 7:08:51 PM, 75.33.150.12:63421
2022-02-26 19:08:54.6605, TRANSMISSION, Za_RCuP13U6NzPSWDrFCvQ, Relais, 2, 69.420 FM. 2022-02-26 7:08:52 PM, 2022-02-26 7:08:53 PM, 108.63.217.4:54805
2022-02-26 19:10:24.1432, TRANSMISSION, Za_RCuP13U6NzPSWDrFCvQ, Relais, 2, 69.420 FM. 2022-02-26 7:10:20 PM, 2022-02-26 7:10:23 PM, 108.63.217.4:54805
2022-02-26 19:10:31.7305, TRANSMISSION, 6CYmpKbEREiGHdLLjupTcg, Scurrdi, 2, 69.420 FM. 2022-02-26 7:10:28 PM, 2022-02-26 7:10:31 PM, 75.33.150.12:63421
2022-02-26 19:10:38.3078, TRANSMISSION, Za_RCuP13U6NzPSWDrFCvQ, Relais, 2, 69.420 FM. 2022-02-26 7:10:33 PM, 2022-02-26 7:10:37 PM, 108.63.217.4:54805
2022-02-26 19:10:41.8312, TRANSMISSION, Za_RCuP13U6NzPSWDrFCvQ, Relais, 2, 69.420 FM. 2022-02-26 7:10:38 PM, 2022-02-26 7:10:40 PM, 108.63.217.4:54805
2022-02-26 19:10:47.3945, TRANSMISSION, wSmVAf8qlkes0RLBnT3btA, Zykstar, 2, 69.420 FM. 2022-02-26 7:10:45 PM, 2022-02-26 7:10:46 PM, 134.41.0.42:61761
2022-02-26 19:10:47.8995, TRANSMISSION, 6CYmpKbEREiGHdLLjupTcg, Scurrdi, 2, 69.420 FM. 2022-02-26 7:10:45 PM, 2022-02-26 7:10:47 PM, 75.33.150.12:63421
2022-02-26 19:11:29.8725, TRANSMISSION, 6CYmpKbEREiGHdLLjupTcg, Scurrdi, 2, 69.420 FM. 2022-02-26 7:11:26 PM, 2022-02-26 7:11:29 PM, 75.33.150.12:63421
2022-02-26 19:11:46.5833, TRANSMISSION, Za_RCuP13U6NzPSWDrFCvQ, Relais, 2, 69.420 FM. 2022-02-26 7:11:44 PM, 2022-02-26 7:11:46 PM, 108.63.217.4:54805
2022-02-26 19:12:00.7638, TRANSMISSION, 6CYmpKbEREiGHdLLjupTcg, Scurrdi, 2, 69.420 FM. 2022-02-26 7:11:56 PM, 2022-02-26 7:12:00 PM, 75.33.150.12:63421
2022-02-26 19:12:03.8031, TRANSMISSION, Za_RCuP13U6NzPSWDrFCvQ, Relais, 2, 69.420 FM. 2022-02-26 7:12:01 PM, 2022-02-26 7:12:03 PM, 108.63.217.4:54805
2022-02-26 19:12:43.7589, TRANSMISSION, 6CYmpKbEREiGHdLLjupTcg, Scurrdi, 2, 69.420 FM. 2022-02-26 7:12:39 PM, 2022-02-26 7:12:43 PM, 75.33.150.12:63421
2022-02-26 19:12:50.3375, TRANSMISSION, Za_RCuP13U6NzPSWDrFCvQ, Relais, 2, 69.420 FM. 2022-02-26 7:12:47 PM, 2022-02-26 7:12:49 PM, 108.63.217.4:54805
2022-02-26 19:12:55.9179, TRANSMISSION, 6CYmpKbEREiGHdLLjupTcg, Scurrdi, 2, 69.420 FM. 2022-02-26 7:12:52 PM, 2022-02-26 7:12:55 PM, 75.33.150.12:63421
2022-02-26 19:13:06.0485, TRANSMISSION, 6CYmpKbEREiGHdLLjupTcg, Scurrdi, 2, 69.420 FM. 2022-02-26 7:12:59 PM, 2022-02-26 7:13:05 PM, 75.33.150.12:63421
2022-02-26 19:13:21.1925, TRANSMISSION, 6CYmpKbEREiGHdLLjupTcg, Scurrdi, 2, 69.420 FM. 2022-02-26 7:13:15 PM, 2022-02-26 7:13:20 PM, 75.33.150.12:63421
2022-02-26 19:13:39.8625, TRANSMISSION, 6CYmpKbEREiGHdLLjupTcg, Scurrdi, 2, 69.420 FM. 2022-02-26 7:13:37 PM, 2022-02-26 7:13:39 PM, 75.33.150.12:63421
2022-02-26 19:13:48.9724, TRANSMISSION, 6CYmpKbEREiGHdLLjupTcg, Scurrdi, 2, 69.420 FM. 2022-02-26 7:13:43 PM, 2022-02-26 7:13:48 PM, 75.33.150.12:63421
2022-02-26 19:13:50.9888, TRANSMISSION, Za_RCuP13U6NzPSWDrFCvQ, Relais, 2, 69.420 FM. 2022-02-26 7:13:49 PM, 2022-02-26 7:13:50 PM, 108.63.217.4:54805
2022-02-26 19:14:27.9995, TRANSMISSION, Za_RCuP13U6NzPSWDrFCvQ, Relais, 2, 69.420 FM. 2022-02-26 7:14:26 PM, 2022-02-26 7:14:27 PM, 108.63.217.4:54805
2022-02-26 19:14:27.9995, TRANSMISSION, 6CYmpKbEREiGHdLLjupTcg, Scurrdi, 2, 69.420 FM. 2022-02-26 7:14:23 PM, 2022-02-26 7:14:27 PM, 75.33.150.12:63421
2022-02-26 19:14:37.6015, TRANSMISSION, Za_RCuP13U6NzPSWDrFCvQ, Relais, 2, 69.420 FM. 2022-02-26 7:14:35 PM, 2022-02-26 7:14:37 PM, 108.63.217.4:54805
2022-02-26 19:14:40.1185, TRANSMISSION, 6CYmpKbEREiGHdLLjupTcg, Scurrdi, 2, 69.420 FM. 2022-02-26 7:14:38 PM, 2022-02-26 7:14:39 PM, 75.33.150.12:63421
2022-02-26 19:14:43.1512, TRANSMISSION, Za_RCuP13U6NzPSWDrFCvQ, Relais, 2, 69.420 FM. 2022-02-26 7:14:41 PM, 2022-02-26 7:14:42 PM, 108.63.217.4:54805
2022-02-26 19:14:49.7294, TRANSMISSION, Za_RCuP13U6NzPSWDrFCvQ, Relais, 2, 69.420 FM. 2022-02-26 7:14:45 PM, 2022-02-26 7:14:49 PM, 108.63.217.4:54805
2022-02-26 19:14:53.7765, TRANSMISSION, Za_RCuP13U6NzPSWDrFCvQ, Relais, 2, 69.420 FM. 2022-02-26 7:14:52 PM, 2022-02-26 7:14:53 PM, 108.63.217.4:54805
2022-02-26 19:15:01.8855, TRANSMISSION, 6CYmpKbEREiGHdLLjupTcg, Scurrdi, 2, 69.420 FM. 2022-02-26 7:14:59 PM, 2022-02-26 7:15:00 PM, 75.33.150.12:63421
2022-02-26 19:15:02.3925, TRANSMISSION, Za_RCuP13U6NzPSWDrFCvQ, Relais, 2, 69.420 FM. 2022-02-26 7:14:59 PM, 2022-02-26 7:15:01 PM, 108.63.217.4:54805
2022-02-26 19:16:07.1493, TRANSMISSION, 6CYmpKbEREiGHdLLjupTcg, Scurrdi, 2, 69.420 FM. 2022-02-26 7:16:04 PM, 2022-02-26 7:16:06 PM, 75.33.150.12:63421
2022-02-26 19:16:10.6929, TRANSMISSION, 6CYmpKbEREiGHdLLjupTcg, Scurrdi, 2, 69.420 FM. 2022-02-26 7:16:08 PM, 2022-02-26 7:16:10 PM, 75.33.150.12:63421
2022-02-26 19:16:13.2325, TRANSMISSION, Za_RCuP13U6NzPSWDrFCvQ, Relais, 2, 69.420 FM. 2022-02-26 7:16:09 PM, 2022-02-26 7:16:12 PM, 108.63.217.4:54805
2022-02-26 19:16:50.1930, TRANSMISSION, 6CYmpKbEREiGHdLLjupTcg, Scurrdi, 2, 69.420 FM. 2022-02-26 7:16:45 PM, 2022-02-26 7:16:49 PM, 75.33.150.12:63421
2022-02-26 19:16:56.7745, TRANSMISSION, 6CYmpKbEREiGHdLLjupTcg, Scurrdi, 2, 69.420 FM. 2022-02-26 7:16:54 PM, 2022-02-26 7:16:56 PM, 75.33.150.12:63421
2022-02-26 19:17:01.3305, TRANSMISSION, Za_RCuP13U6NzPSWDrFCvQ, Relais, 2, 69.420 FM. 2022-02-26 7:16:54 PM, 2022-02-26 7:17:00 PM, 108.63.217.4:54805
2022-02-26 19:17:12.9795, TRANSMISSION, Za_RCuP13U6NzPSWDrFCvQ, Relais, 2, 69.420 FM. 2022-02-26 7:17:09 PM, 2022-02-26 7:17:12 PM, 108.63.217.4:54805
2022-02-26 19:17:20.5842, TRANSMISSION, Za_RCuP13U6NzPSWDrFCvQ, Relais, 2, 69.420 FM. 2022-02-26 7:17:18 PM, 2022-02-26 7:17:20 PM, 108.63.217.4:54805
2022-02-26 19:17:28.7095, TRANSMISSION, Za_RCuP13U6NzPSWDrFCvQ, Relais, 2, 69.420 FM. 2022-02-26 7:17:26 PM, 2022-02-26 7:17:28 PM, 108.63.217.4:54805
2022-02-26 19:17:44.3690, TRANSMISSION, 6CYmpKbEREiGHdLLjupTcg, Scurrdi, 2, 69.420 FM. 2022-02-26 7:17:40 PM, 2022-02-26 7:17:43 PM, 75.33.150.12:63421
2022-02-26 19:17:50.9499, TRANSMISSION, Za_RCuP13U6NzPSWDrFCvQ, Relais, 2, 69.420 FM. 2022-02-26 7:17:44 PM, 2022-02-26 7:17:50 PM, 108.63.217.4:54805
2022-02-26 19:18:18.7885, TRANSMISSION, Za_RCuP13U6NzPSWDrFCvQ, Relais, 2, 69.420 FM. 2022-02-26 7:18:15 PM, 2022-02-26 7:18:18 PM, 108.63.217.4:54805
2022-02-26 19:18:23.8472, TRANSMISSION, 6CYmpKbEREiGHdLLjupTcg, Scurrdi, 2, 69.420 FM. 2022-02-26 7:18:21 PM, 2022-02-26 7:18:23 PM, 75.33.150.12:63421
2022-02-26 19:18:28.9148, TRANSMISSION, Za_RCuP13U6NzPSWDrFCvQ, Relais, 2, 69.420 FM. 2022-02-26 7:18:23 PM, 2022-02-26 7:18:28 PM, 108.63.217.4:54805
2022-02-26 19:19:13.9572, TRANSMISSION, Za_RCuP13U6NzPSWDrFCvQ, Relais, 2, 69.420 FM. 2022-02-26 7:19:11 PM, 2022-02-26 7:19:13 PM, 108.63.217.4:54805
2022-02-26 19:19:50.8898, TRANSMISSION, 6CYmpKbEREiGHdLLjupTcg, Scurrdi, 2, 69.420 FM. 2022-02-26 7:19:47 PM, 2022-02-26 7:19:50 PM, 75.33.150.12:63421
2022-02-26 19:19:54.4465, TRANSMISSION, Za_RCuP13U6NzPSWDrFCvQ, Relais, 2, 69.420 FM. 2022-02-26 7:19:51 PM, 2022-02-26 7:19:53 PM, 108.63.217.4:54805
2022-02-26 19:20:04.5542, TRANSMISSION, 6CYmpKbEREiGHdLLjupTcg, Scurrdi, 2, 69.420 FM. 2022-02-26 7:20:03 PM, 2022-02-26 7:20:03 PM, 75.33.150.12:63421
2022-02-26 19:20:10.6328, TRANSMISSION, Za_RCuP13U6NzPSWDrFCvQ, Relais, 2, 69.420 FM. 2022-02-26 7:20:02 PM, 2022-02-26 7:20:09 PM, 108.63.217.4:54805
2022-02-26 19:20:15.1924, TRANSMISSION, 6CYmpKbEREiGHdLLjupTcg, Scurrdi, 2, 69.420 FM. 2022-02-26 7:20:12 PM, 2022-02-26 7:20:14 PM, 75.33.150.12:63421
2022-02-26 19:20:55.6425, TRANSMISSION, 6CYmpKbEREiGHdLLjupTcg, Scurrdi, 2, 69.420 FM. 2022-02-26 7:20:53 PM, 2022-02-26 7:20:54 PM, 75.33.150.12:63421
2022-02-26 19:20:56.6498, TRANSMISSION, Za_RCuP13U6NzPSWDrFCvQ, Relais, 2, 69.420 FM. 2022-02-26 7:20:55 PM, 2022-02-26 7:20:56 PM, 108.63.217.4:54805
2022-02-26 19:21:40.6858, TRANSMISSION, Za_RCuP13U6NzPSWDrFCvQ, Relais, 2, 69.420 FM. 2022-02-26 7:21:34 PM, 2022-02-26 7:21:40 PM, 108.63.217.4:54805
2022-02-26 19:21:44.7214, TRANSMISSION, 6CYmpKbEREiGHdLLjupTcg, Scurrdi, 2, 69.420 FM. 2022-02-26 7:21:42 PM, 2022-02-26 7:21:43 PM, 75.33.150.12:63421
2022-02-26 19:23:01.6205, TRANSMISSION, Za_RCuP13U6NzPSWDrFCvQ, Relais, 2, 69.420 FM. 2022-02-26 7:22:58 PM, 2022-02-26 7:23:00 PM, 108.63.217.4:54805
2022-02-26 19:23:05.6645, TRANSMISSION, Za_RCuP13U6NzPSWDrFCvQ, Relais, 2, 69.420 FM. 2022-02-26 7:23:02 PM, 2022-02-26 7:23:04 PM, 108.63.217.4:54805
2022-02-26 19:23:34.5058, TRANSMISSION, Za_RCuP13U6NzPSWDrFCvQ, Relais, 2, 69.420 FM. 2022-02-26 7:23:28 PM, 2022-02-26 7:23:33 PM, 108.63.217.4:54805
2022-02-26 19:23:38.0463, TRANSMISSION, wSmVAf8qlkes0RLBnT3btA, Zykstar, 2, 69.420 FM. 2022-02-26 7:23:35 PM, 2022-02-26 7:23:37 PM, 134.41.0.42:61761
2022-02-26 19:24:35.2415, TRANSMISSION, Za_RCuP13U6NzPSWDrFCvQ, Relais, 2, 69.420 FM. 2022-02-26 7:24:33 PM, 2022-02-26 7:24:34 PM, 108.63.217.4:54805
2022-02-26 19:24:51.4308, TRANSMISSION, 6CYmpKbEREiGHdLLjupTcg, Scurrdi, 2, 69.420 FM. 2022-02-26 7:24:45 PM, 2022-02-26 7:24:50 PM, 75.33.150.12:63421
2022-02-26 19:25:04.0975, TRANSMISSION, 6CYmpKbEREiGHdLLjupTcg, Scurrdi, 2, 69.420 FM. 2022-02-26 7:25:01 PM, 2022-02-26 7:25:03 PM, 75.33.150.12:63421
2022-02-26 19:25:05.1145, TRANSMISSION, Za_RCuP13U6NzPSWDrFCvQ, Relais, 2, 69.420 FM. 2022-02-26 7:25:01 PM, 2022-02-26 7:25:04 PM, 108.63.217.4:54805
2022-02-26 19:25:07.1395, TRANSMISSION, 6CYmpKbEREiGHdLLjupTcg, Scurrdi, 2, 69.420 FM. 2022-02-26 7:25:05 PM, 2022-02-26 7:25:06 PM, 75.33.150.12:63421
2022-02-26 19:25:28.9083, TRANSMISSION, Za_RCuP13U6NzPSWDrFCvQ, Relais, 2, 69.420 FM. 2022-02-26 7:25:26 PM, 2022-02-26 7:25:28 PM, 108.63.217.4:54805
2022-02-26 19:25:43.1025, TRANSMISSION, 6CYmpKbEREiGHdLLjupTcg, Scurrdi, 2, 69.420 FM. 2022-02-26 7:25:39 PM, 2022-02-26 7:25:42 PM, 75.33.150.12:63421
2022-02-26 19:25:45.1305, TRANSMISSION, Za_RCuP13U6NzPSWDrFCvQ, Relais, 2, 69.420 FM. 2022-02-26 7:25:43 PM, 2022-02-26 7:25:44 PM, 108.63.217.4:54805
2022-02-26 19:25:50.6920, TRANSMISSION, Za_RCuP13U6NzPSWDrFCvQ, Relais, 2, 69.420 FM. 2022-02-26 7:25:45 PM, 2022-02-26 7:25:50 PM, 108.63.217.4:54805
2022-02-26 19:25:53.7255, TRANSMISSION, Za_RCuP13U6NzPSWDrFCvQ, Relais, 2, 69.420 FM. 2022-02-26 7:25:51 PM, 2022-02-26 7:25:53 PM, 108.63.217.4:54805
2022-02-26 19:26:13.4749, TRANSMISSION, 6CYmpKbEREiGHdLLjupTcg, Scurrdi, 2, 69.420 FM. 2022-02-26 7:26:09 PM, 2022-02-26 7:26:12 PM, 75.33.150.12:63421
2022-02-26 19:26:14.4862, TRANSMISSION, Za_RCuP13U6NzPSWDrFCvQ, Relais, 2, 69.420 FM. 2022-02-26 7:26:13 PM, 2022-02-26 7:26:14 PM, 108.63.217.4:54805
2022-02-26 19:26:19.0383, TRANSMISSION, Za_RCuP13U6NzPSWDrFCvQ, Relais, 2, 69.420 FM. 2022-02-26 7:26:14 PM, 2022-02-26 7:26:18 PM, 108.63.217.4:54805
2022-02-26 19:26:22.0725, TRANSMISSION, 6CYmpKbEREiGHdLLjupTcg, Scurrdi, 2, 69.420 FM. 2022-02-26 7:26:21 PM, 2022-02-26 7:26:21 PM, 75.33.150.12:63421
2022-02-26 19:26:27.6580, TRANSMISSION, 6CYmpKbEREiGHdLLjupTcg, Scurrdi, 2, 69.420 FM. 2022-02-26 7:26:22 PM, 2022-02-26 7:26:27 PM, 75.33.150.12:63421
2022-02-26 19:26:48.4285, TRANSMISSION, 6CYmpKbEREiGHdLLjupTcg, Scurrdi, 2, 69.420 FM. 2022-02-26 7:26:47 PM, 2022-02-26 7:26:47 PM, 75.33.150.12:63421
2022-02-26 19:26:58.5605, TRANSMISSION, wSmVAf8qlkes0RLBnT3btA, Zykstar, 2, 69.420 FM. 2022-02-26 7:26:54 PM, 2022-02-26 7:26:57 PM, 134.41.0.42:61761
2022-02-26 19:27:00.0715, TRANSMISSION, Za_RCuP13U6NzPSWDrFCvQ, Relais, 2, 69.420 FM. 2022-02-26 7:26:58 PM, 2022-02-26 7:26:59 PM, 108.63.217.4:54805
2022-02-26 19:27:45.6254, TRANSMISSION, Za_RCuP13U6NzPSWDrFCvQ, Relais, 2, 69.420 FM. 2022-02-26 7:27:41 PM, 2022-02-26 7:27:45 PM, 108.63.217.4:54805
2022-02-26 19:30:31.5805, TRANSMISSION, 6CYmpKbEREiGHdLLjupTcg, Scurrdi, 2, 69.420 FM. 2022-02-26 7:30:26 PM, 2022-02-26 7:30:31 PM, 75.33.150.12:63421
2022-02-26 19:30:40.1875, TRANSMISSION, Za_RCuP13U6NzPSWDrFCvQ, Relais, 2, 69.420 FM. 2022-02-26 7:30:31 PM, 2022-02-26 7:30:39 PM, 108.63.217.4:54805
2022-02-26 19:33:09.0755, TRANSMISSION, Za_RCuP13U6NzPSWDrFCvQ, Relais, 2, 69.420 FM. 2022-02-26 7:33:04 PM, 2022-02-26 7:33:08 PM, 108.63.217.4:54805
2022-02-26 19:33:15.6528, TRANSMISSION, 6CYmpKbEREiGHdLLjupTcg, Scurrdi, 2, 69.420 FM. 2022-02-26 7:33:11 PM, 2022-02-26 7:33:14 PM, 75.33.150.12:63421
2022-02-26 19:33:22.2175, TRANSMISSION, Za_RCuP13U6NzPSWDrFCvQ, Relais, 2, 69.420 FM. 2022-02-26 7:33:15 PM, 2022-02-26 7:33:21 PM, 108.63.217.4:54805
2022-02-26 19:35:20.5865, TRANSMISSION, 6CYmpKbEREiGHdLLjupTcg, Scurrdi, 2, 69.420 FM. 2022-02-26 7:35:15 PM, 2022-02-26 7:35:19 PM, 75.33.150.12:63421
2022-02-26 19:35:23.1116, TRANSMISSION, Za_RCuP13U6NzPSWDrFCvQ, Relais, 2, 69.420 FM. 2022-02-26 7:35:21 PM, 2022-02-26 7:35:22 PM, 108.63.217.4:54805
2022-02-26 19:36:09.6335, TRANSMISSION, 6CYmpKbEREiGHdLLjupTcg, Scurrdi, 2, 69.420 FM. 2022-02-26 7:36:06 PM, 2022-02-26 7:36:08 PM, 75.33.150.12:63421
2022-02-26 19:36:12.6639, TRANSMISSION, Za_RCuP13U6NzPSWDrFCvQ, Relais, 2, 69.420 FM. 2022-02-26 7:36:10 PM, 2022-02-26 7:36:12 PM, 108.63.217.4:54805
2022-02-26 19:36:58.2495, TRANSMISSION, 6CYmpKbEREiGHdLLjupTcg, Scurrdi, 2, 69.420 FM. 2022-02-26 7:36:49 PM, 2022-02-26 7:36:57 PM, 75.33.150.12:63421
2022-02-26 19:36:59.7678, TRANSMISSION, Za_RCuP13U6NzPSWDrFCvQ, Relais, 2, 69.420 FM. 2022-02-26 7:36:58 PM, 2022-02-26 7:36:59 PM, 108.63.217.4:54805
2022-02-26 19:37:13.9387, TRANSMISSION, Za_RCuP13U6NzPSWDrFCvQ, Relais, 2, 69.420 FM. 2022-02-26 7:37:10 PM, 2022-02-26 7:37:13 PM, 108.63.217.4:54805
2022-02-26 19:37:39.7542, TRANSMISSION, wSmVAf8qlkes0RLBnT3btA, Zykstar, 2, 69.420 FM. 2022-02-26 7:37:29 PM, 2022-02-26 7:37:38 PM, 134.41.0.42:61761
2022-02-26 19:37:43.3034, TRANSMISSION, Za_RCuP13U6NzPSWDrFCvQ, Relais, 2, 69.420 FM. 2022-02-26 7:37:41 PM, 2022-02-26 7:37:42 PM, 108.63.217.4:54805
2022-02-26 19:37:46.3335, TRANSMISSION, 6CYmpKbEREiGHdLLjupTcg, Scurrdi, 2, 69.420 FM. 2022-02-26 7:37:40 PM, 2022-02-26 7:37:45 PM, 75.33.150.12:63421
2022-02-26 19:37:48.3567, TRANSMISSION, Za_RCuP13U6NzPSWDrFCvQ, Relais, 2, 69.420 FM. 2022-02-26 7:37:46 PM, 2022-02-26 7:37:47 PM, 108.63.217.4:54805
2022-02-26 19:39:39.1907, TRANSMISSION, wSmVAf8qlkes0RLBnT3btA, Zykstar, 2, 69.420 FM. 2022-02-26 7:39:32 PM, 2022-02-26 7:39:38 PM, 134.41.0.42:61761
2022-02-26 19:39:41.7205, TRANSMISSION, Za_RCuP13U6NzPSWDrFCvQ, Relais, 2, 69.420 FM. 2022-02-26 7:39:39 PM, 2022-02-26 7:39:41 PM, 108.63.217.4:54805
2022-02-26 19:41:37.6655, TRANSMISSION, Za_RCuP13U6NzPSWDrFCvQ, Relais, 2, 69.420 FM. 2022-02-26 7:41:30 PM, 2022-02-26 7:41:36 PM, 108.63.217.4:54805
2022-02-26 19:41:41.2175, TRANSMISSION, Za_RCuP13U6NzPSWDrFCvQ, Relais, 2, 69.420 FM. 2022-02-26 7:41:38 PM, 2022-02-26 7:41:40 PM, 108.63.217.4:54805
2022-02-26 19:41:53.8793, TRANSMISSION, Za_RCuP13U6NzPSWDrFCvQ, Relais, 2, 69.420 FM. 2022-02-26 7:41:49 PM, 2022-02-26 7:41:53 PM, 108.63.217.4:54805
2022-02-26 19:41:55.9095, TRANSMISSION, Za_RCuP13U6NzPSWDrFCvQ, Relais, 2, 69.420 FM. 2022-02-26 7:41:54 PM, 2022-02-26 7:41:55 PM, 108.63.217.4:54805
2022-02-26 19:42:02.4840, TRANSMISSION, wSmVAf8qlkes0RLBnT3btA, Zykstar, 2, 69.420 FM. 2022-02-26 7:41:57 PM, 2022-02-26 7:42:01 PM, 134.41.0.42:61761
2022-02-26 19:42:03.4988, TRANSMISSION, Za_RCuP13U6NzPSWDrFCvQ, Relais, 2, 69.420 FM. 2022-02-26 7:42:02 PM, 2022-02-26 7:42:02 PM, 108.63.217.4:54805
2022-02-26 19:42:36.8675, TRANSMISSION, Za_RCuP13U6NzPSWDrFCvQ, Relais, 2, 69.420 FM. 2022-02-26 7:42:31 PM, 2022-02-26 7:42:36 PM, 108.63.217.4:54805
2022-02-26 19:42:43.9545, TRANSMISSION, 6CYmpKbEREiGHdLLjupTcg, Scurrdi, 2, 69.420 FM. 2022-02-26 7:42:41 PM, 2022-02-26 7:42:43 PM, 75.33.150.12:63421
2022-02-26 19:42:46.9755, TRANSMISSION, Za_RCuP13U6NzPSWDrFCvQ, Relais, 2, 69.420 FM. 2022-02-26 7:42:45 PM, 2022-02-26 7:42:46 PM, 108.63.217.4:54805
2022-02-26 19:43:13.7448, TRANSMISSION, Za_RCuP13U6NzPSWDrFCvQ, Relais, 2, 69.420 FM. 2022-02-26 7:43:11 PM, 2022-02-26 7:43:13 PM, 108.63.217.4:54805
2022-02-26 19:43:20.3255, TRANSMISSION, Za_RCuP13U6NzPSWDrFCvQ, Relais, 2, 69.420 FM. 2022-02-26 7:43:15 PM, 2022-02-26 7:43:19 PM, 108.63.217.4:54805
2022-02-26 19:43:27.9149, TRANSMISSION, Za_RCuP13U6NzPSWDrFCvQ, Relais, 2, 69.420 FM. 2022-02-26 7:43:24 PM, 2022-02-26 7:43:27 PM, 108.63.217.4:54805
2022-02-26 19:43:40.0648, TRANSMISSION, Za_RCuP13U6NzPSWDrFCvQ, Relais, 2, 69.420 FM. 2022-02-26 7:43:37 PM, 2022-02-26 7:43:39 PM, 108.63.217.4:54805
2022-02-26 19:44:04.8515, TRANSMISSION, Za_RCuP13U6NzPSWDrFCvQ, Relais, 2, 69.420 FM. 2022-02-26 7:43:55 PM, 2022-02-26 7:44:04 PM, 108.63.217.4:54805
2022-02-26 19:44:07.3825, TRANSMISSION, Za_RCuP13U6NzPSWDrFCvQ, Relais, 2, 69.420 FM. 2022-02-26 7:44:05 PM, 2022-02-26 7:44:06 PM, 108.63.217.4:54805
2022-02-26 19:44:09.4065, TRANSMISSION, Za_RCuP13U6NzPSWDrFCvQ, Relais, 2, 69.420 FM. 2022-02-26 7:44:07 PM, 2022-02-26 7:44:08 PM, 108.63.217.4:54805
2022-02-26 19:44:09.4065, TRANSMISSION, 6CYmpKbEREiGHdLLjupTcg, Scurrdi, 2, 69.420 FM. 2022-02-26 7:44:06 PM, 2022-02-26 7:44:08 PM, 75.33.150.12:63421
2022-02-26 19:44:12.4295, TRANSMISSION, Za_RCuP13U6NzPSWDrFCvQ, Relais, 2, 69.420 FM. 2022-02-26 7:44:10 PM, 2022-02-26 7:44:11 PM, 108.63.217.4:54805
2022-02-26 19:44:16.4725, TRANSMISSION, wSmVAf8qlkes0RLBnT3btA, Zykstar, 2, 69.420 FM. 2022-02-26 7:44:12 PM, 2022-02-26 7:44:15 PM, 134.41.0.42:61761
2022-02-26 19:44:18.5073, TRANSMISSION, Za_RCuP13U6NzPSWDrFCvQ, Relais, 2, 69.420 FM. 2022-02-26 7:44:16 PM, 2022-02-26 7:44:17 PM, 108.63.217.4:54805
2022-02-26 19:44:43.8215, TRANSMISSION, Za_RCuP13U6NzPSWDrFCvQ, Relais, 2, 69.420 FM. 2022-02-26 7:44:40 PM, 2022-02-26 7:44:43 PM, 108.63.217.4:54805
2022-02-26 19:45:09.5998, TRANSMISSION, Za_RCuP13U6NzPSWDrFCvQ, Relais, 2, 69.420 FM. 2022-02-26 7:45:04 PM, 2022-02-26 7:45:08 PM, 108.63.217.4:54805
2022-02-26 19:45:13.1465, TRANSMISSION, Za_RCuP13U6NzPSWDrFCvQ, Relais, 2, 69.420 FM. 2022-02-26 7:45:10 PM, 2022-02-26 7:45:12 PM, 108.63.217.4:54805
2022-02-26 19:45:24.2805, TRANSMISSION, Za_RCuP13U6NzPSWDrFCvQ, Relais, 2, 69.420 FM. 2022-02-26 7:45:20 PM, 2022-02-26 7:45:23 PM, 108.63.217.4:54805
2022-02-26 19:45:51.0535, TRANSMISSION, 6CYmpKbEREiGHdLLjupTcg, Scurrdi, 2, 69.420 FM. 2022-02-26 7:45:46 PM, 2022-02-26 7:45:50 PM, 75.33.150.12:63421
2022-02-26 19:45:55.0975, TRANSMISSION, Za_RCuP13U6NzPSWDrFCvQ, Relais, 2, 69.420 FM. 2022-02-26 7:45:50 PM, 2022-02-26 7:45:54 PM, 108.63.217.4:54805
2022-02-26 19:46:04.1978, TRANSMISSION, Za_RCuP13U6NzPSWDrFCvQ, Relais, 2, 69.420 FM. 2022-02-26 7:45:57 PM, 2022-02-26 7:46:03 PM, 108.63.217.4:54805
2022-02-26 19:47:23.6922, TRANSMISSION, 6CYmpKbEREiGHdLLjupTcg, Scurrdi, 2, 69.420 FM. 2022-02-26 7:47:15 PM, 2022-02-26 7:47:22 PM, 75.33.150.12:63421
2022-02-26 19:47:25.7245, TRANSMISSION, Za_RCuP13U6NzPSWDrFCvQ, Relais, 2, 69.420 FM. 2022-02-26 7:47:24 PM, 2022-02-26 7:47:24 PM, 108.63.217.4:54805
2022-02-26 19:47:40.3455, TRANSMISSION, Za_RCuP13U6NzPSWDrFCvQ, Relais, 2, 69.420 FM. 2022-02-26 7:47:31 PM, 2022-02-26 7:47:39 PM, 108.63.217.4:54805
2022-02-26 19:47:41.3607, TRANSMISSION, wSmVAf8qlkes0RLBnT3btA, Zykstar, 2, 69.420 FM. 2022-02-26 7:47:40 PM, 2022-02-26 7:47:40 PM, 134.41.0.42:61761
2022-02-26 19:47:42.3668, TRANSMISSION, 6CYmpKbEREiGHdLLjupTcg, Scurrdi, 2, 69.420 FM. 2022-02-26 7:47:40 PM, 2022-02-26 7:47:41 PM, 75.33.150.12:63421
2022-02-26 19:47:52.9835, TRANSMISSION, wSmVAf8qlkes0RLBnT3btA, Zykstar, 2, 69.420 FM. 2022-02-26 7:47:51 PM, 2022-02-26 7:47:52 PM, 134.41.0.42:61761
2022-02-26 19:47:59.0595, TRANSMISSION, 6CYmpKbEREiGHdLLjupTcg, Scurrdi, 2, 69.420 FM. 2022-02-26 7:47:55 PM, 2022-02-26 7:47:58 PM, 75.33.150.12:63421
2022-02-26 19:48:00.5785, TRANSMISSION, Za_RCuP13U6NzPSWDrFCvQ, Relais, 2, 69.420 FM. 2022-02-26 7:47:59 PM, 2022-02-26 7:48:00 PM, 108.63.217.4:54805
2022-02-26 19:48:05.1045, TRANSMISSION, wSmVAf8qlkes0RLBnT3btA, Zykstar, 2, 69.420 FM. 2022-02-26 7:48:01 PM, 2022-02-26 7:48:04 PM, 134.41.0.42:61761
2022-02-26 19:49:12.4625, TRANSMISSION, Za_RCuP13U6NzPSWDrFCvQ, Relais, 2, 69.420 FM. 2022-02-26 7:49:11 PM, 2022-02-26 7:49:12 PM, 108.63.217.4:54805
2022-02-26 19:49:12.4625, TRANSMISSION, 6CYmpKbEREiGHdLLjupTcg, Scurrdi, 2, 69.420 FM. 2022-02-26 7:49:09 PM, 2022-02-26 7:49:11 PM, 75.33.150.12:63421
2022-02-26 19:49:18.5265, TRANSMISSION, Za_RCuP13U6NzPSWDrFCvQ, Relais, 2, 69.420 FM. 2022-02-26 7:49:12 PM, 2022-02-26 7:49:17 PM, 108.63.217.4:54805
2022-02-26 19:49:25.0958, TRANSMISSION, 6CYmpKbEREiGHdLLjupTcg, Scurrdi, 2, 69.420 FM. 2022-02-26 7:49:23 PM, 2022-02-26 7:49:24 PM, 75.33.150.12:63421
2022-02-26 19:49:29.1425, TRANSMISSION, Za_RCuP13U6NzPSWDrFCvQ, Relais, 2, 69.420 FM. 2022-02-26 7:49:25 PM, 2022-02-26 7:49:28 PM, 108.63.217.4:54805
2022-02-26 19:49:51.8894, TRANSMISSION, Za_RCuP13U6NzPSWDrFCvQ, Relais, 2, 69.420 FM. 2022-02-26 7:49:46 PM, 2022-02-26 7:49:51 PM, 108.63.217.4:54805
2022-02-26 19:49:54.9225, TRANSMISSION, 6CYmpKbEREiGHdLLjupTcg, Scurrdi, 2, 69.420 FM. 2022-02-26 7:49:53 PM, 2022-02-26 7:49:54 PM, 75.33.150.12:63421
2022-02-26 19:50:17.1595, TRANSMISSION, Za_RCuP13U6NzPSWDrFCvQ, Relais, 2, 69.420 FM. 2022-02-26 7:50:14 PM, 2022-02-26 7:50:16 PM, 108.63.217.4:54805
2022-02-26 19:50:31.4065, TRANSMISSION, Za_RCuP13U6NzPSWDrFCvQ, Relais, 2, 69.420 FM. 2022-02-26 7:50:25 PM, 2022-02-26 7:50:30 PM, 108.63.217.4:54805
2022-02-26 19:50:34.4454, TRANSMISSION, 6CYmpKbEREiGHdLLjupTcg, Scurrdi, 2, 69.420 FM. 2022-02-26 7:50:32 PM, 2022-02-26 7:50:33 PM, 75.33.150.12:63421
2022-02-26 19:50:35.9699, TRANSMISSION, Za_RCuP13U6NzPSWDrFCvQ, Relais, 2, 69.420 FM. 2022-02-26 7:50:34 PM, 2022-02-26 7:50:35 PM, 108.63.217.4:54805
2022-02-26 19:51:06.8135, TRANSMISSION, 6CYmpKbEREiGHdLLjupTcg, Scurrdi, 2, 69.420 FM. 2022-02-26 7:50:56 PM, 2022-02-26 7:51:06 PM, 75.33.150.12:63421
2022-02-26 19:51:10.3575, TRANSMISSION, Za_RCuP13U6NzPSWDrFCvQ, Relais, 2, 69.420 FM. 2022-02-26 7:51:07 PM, 2022-02-26 7:51:09 PM, 108.63.217.4:54805
2022-02-26 19:51:16.9245, TRANSMISSION, 6CYmpKbEREiGHdLLjupTcg, Scurrdi, 2, 69.420 FM. 2022-02-26 7:51:13 PM, 2022-02-26 7:51:16 PM, 75.33.150.12:63421
2022-02-26 19:51:31.5989, TRANSMISSION, Za_RCuP13U6NzPSWDrFCvQ, Relais, 2, 69.420 FM. 2022-02-26 7:51:25 PM, 2022-02-26 7:51:31 PM, 108.63.217.4:54805
2022-02-26 19:52:15.0943, TRANSMISSION, 6CYmpKbEREiGHdLLjupTcg, Scurrdi, 2, 69.420 FM. 2022-02-26 7:52:08 PM, 2022-02-26 7:52:14 PM, 75.33.150.12:63421
2022-02-26 19:52:20.1358, TRANSMISSION, Za_RCuP13U6NzPSWDrFCvQ, Relais, 2, 69.420 FM. 2022-02-26 7:52:16 PM, 2022-02-26 7:52:19 PM, 108.63.217.4:54805
2022-02-26 19:52:27.2058, TRANSMISSION, 6CYmpKbEREiGHdLLjupTcg, Scurrdi, 2, 69.420 FM. 2022-02-26 7:52:21 PM, 2022-02-26 7:52:26 PM, 75.33.150.12:63421
2022-02-26 19:52:28.7238, TRANSMISSION, Za_RCuP13U6NzPSWDrFCvQ, Relais, 2, 69.420 FM. 2022-02-26 7:52:27 PM, 2022-02-26 7:52:27 PM, 108.63.217.4:54805
2022-02-26 19:52:35.3065, TRANSMISSION, 6CYmpKbEREiGHdLLjupTcg, Scurrdi, 2, 69.420 FM. 2022-02-26 7:52:32 PM, 2022-02-26 7:52:34 PM, 75.33.150.12:63421
2022-02-26 19:52:43.4005, TRANSMISSION, Za_RCuP13U6NzPSWDrFCvQ, Relais, 2, 69.420 FM. 2022-02-26 7:52:41 PM, 2022-02-26 7:52:42 PM, 108.63.217.4:54805
2022-02-26 19:52:47.4355, TRANSMISSION, 6CYmpKbEREiGHdLLjupTcg, Scurrdi, 2, 69.420 FM. 2022-02-26 7:52:46 PM, 2022-02-26 7:52:46 PM, 75.33.150.12:63421
2022-02-26 19:52:57.5678, TRANSMISSION, 6CYmpKbEREiGHdLLjupTcg, Scurrdi, 2, 69.420 FM. 2022-02-26 7:52:54 PM, 2022-02-26 7:52:56 PM, 75.33.150.12:63421
2022-02-26 19:53:01.1095, TRANSMISSION, Za_RCuP13U6NzPSWDrFCvQ, Relais, 2, 69.420 FM. 2022-02-26 7:53:00 PM, 2022-02-26 7:53:00 PM, 108.63.217.4:54805
2022-02-26 19:53:01.6145, TRANSMISSION, wSmVAf8qlkes0RLBnT3btA, Zykstar, 2, 69.420 FM. 2022-02-26 7:52:59 PM, 2022-02-26 7:53:01 PM, 134.41.0.42:61761
2022-02-26 19:54:04.8625, TRANSMISSION, Za_RCuP13U6NzPSWDrFCvQ, Relais, 2, 69.420 FM. 2022-02-26 7:54:00 PM, 2022-02-26 7:54:04 PM, 108.63.217.4:54805
2022-02-26 19:54:09.9205, TRANSMISSION, 6CYmpKbEREiGHdLLjupTcg, Scurrdi, 2, 69.420 FM. 2022-02-26 7:54:07 PM, 2022-02-26 7:54:09 PM, 75.33.150.12:63421
2022-02-26 19:54:18.0025, TRANSMISSION, Za_RCuP13U6NzPSWDrFCvQ, Relais, 2, 69.420 FM. 2022-02-26 7:54:10 PM, 2022-02-26 7:54:17 PM, 108.63.217.4:54805
2022-02-26 19:54:25.5708, TRANSMISSION, 6CYmpKbEREiGHdLLjupTcg, Scurrdi, 2, 69.420 FM. 2022-02-26 7:54:24 PM, 2022-02-26 7:54:24 PM, 75.33.150.12:63421
2022-02-26 19:55:01.4745, TRANSMISSION, Za_RCuP13U6NzPSWDrFCvQ, Relais, 2, 69.420 FM. 2022-02-26 7:54:55 PM, 2022-02-26 7:55:00 PM, 108.63.217.4:54805
2022-02-26 19:55:06.0335, TRANSMISSION, Za_RCuP13U6NzPSWDrFCvQ, Relais, 2, 69.420 FM. 2022-02-26 7:55:04 PM, 2022-02-26 7:55:05 PM, 108.63.217.4:54805
2022-02-26 19:55:13.1295, TRANSMISSION, Za_RCuP13U6NzPSWDrFCvQ, Relais, 2, 69.420 FM. 2022-02-26 7:55:10 PM, 2022-02-26 7:55:12 PM, 108.63.217.4:54805
2022-02-26 19:55:16.1432, TRANSMISSION, Za_RCuP13U6NzPSWDrFCvQ, Relais, 2, 69.420 FM. 2022-02-26 7:55:14 PM, 2022-02-26 7:55:15 PM, 108.63.217.4:54805
2022-02-26 19:57:40.7405, TRANSMISSION, Ge4zcLE3Q0ifCRIrU9QzLg, Tofutakeout, 2, 69.420 FM. 2022-02-26 7:57:38 PM, 2022-02-26 7:57:40 PM, 45.51.249.70:53196
2022-02-26 19:57:45.7788, TRANSMISSION, Ge4zcLE3Q0ifCRIrU9QzLg, Tofutakeout, 2, 69.420 FM. 2022-02-26 7:57:43 PM, 2022-02-26 7:57:45 PM, 45.51.249.70:53196
2022-02-26 19:57:47.7995, TRANSMISSION, Za_RCuP13U6NzPSWDrFCvQ, Relais, 2, 69.420 FM. 2022-02-26 7:57:46 PM, 2022-02-26 7:57:46 PM, 108.63.217.4:54805
2022-02-26 19:57:51.8392, TRANSMISSION, wSmVAf8qlkes0RLBnT3btA, Zykstar, 2, 69.420 FM. 2022-02-26 7:57:47 PM, 2022-02-26 7:57:51 PM, 134.41.0.42:61761
2022-02-26 19:58:08.0235, TRANSMISSION, 6CYmpKbEREiGHdLLjupTcg, Scurrdi, 2, 69.420 FM. 2022-02-26 7:58:03 PM, 2022-02-26 7:58:07 PM, 75.33.150.12:63421
2022-02-26 19:58:13.5745, TRANSMISSION, Za_RCuP13U6NzPSWDrFCvQ, Relais, 2, 69.420 FM. 2022-02-26 7:58:09 PM, 2022-02-26 7:58:12 PM, 108.63.217.4:54805
2022-02-26 19:58:16.0945, TRANSMISSION, 6CYmpKbEREiGHdLLjupTcg, Scurrdi, 2, 69.420 FM. 2022-02-26 7:58:14 PM, 2022-02-26 7:58:15 PM, 75.33.150.12:63421
2022-02-26 19:58:25.2055, TRANSMISSION, Za_RCuP13U6NzPSWDrFCvQ, Relais, 2, 69.420 FM. 2022-02-26 7:58:23 PM, 2022-02-26 7:58:24 PM, 108.63.217.4:54805
2022-02-26 19:58:36.3298, TRANSMISSION, Za_RCuP13U6NzPSWDrFCvQ, Relais, 2, 69.420 FM. 2022-02-26 7:58:32 PM, 2022-02-26 7:58:35 PM, 108.63.217.4:54805
2022-02-26 19:58:53.0261, TRANSMISSION, wSmVAf8qlkes0RLBnT3btA, Zykstar, 2, 69.420 FM. 2022-02-26 7:58:51 PM, 2022-02-26 7:58:52 PM, 134.41.0.42:61761
2022-02-26 19:59:16.2925, TRANSMISSION, wSmVAf8qlkes0RLBnT3btA, Zykstar, 2, 69.420 FM. 2022-02-26 7:59:07 PM, 2022-02-26 7:59:15 PM, 134.41.0.42:61761
2022-02-26 19:59:22.3605, TRANSMISSION, Za_RCuP13U6NzPSWDrFCvQ, Relais, 2, 69.420 FM. 2022-02-26 7:59:16 PM, 2022-02-26 7:59:21 PM, 108.63.217.4:54805
2022-02-26 19:59:24.8877, TRANSMISSION, wSmVAf8qlkes0RLBnT3btA, Zykstar, 2, 69.420 FM. 2022-02-26 7:59:23 PM, 2022-02-26 7:59:24 PM, 134.41.0.42:61761
2022-02-26 19:59:43.6222, TRANSMISSION, Za_RCuP13U6NzPSWDrFCvQ, Relais, 2, 69.420 FM. 2022-02-26 7:59:39 PM, 2022-02-26 7:59:43 PM, 108.63.217.4:54805
2022-02-26 20:00:25.5839, TRANSMISSION, 6CYmpKbEREiGHdLLjupTcg, Scurrdi, 2, 69.420 FM. 2022-02-26 8:00:23 PM, 2022-02-26 8:00:24 PM, 75.33.150.12:63421
2022-02-26 20:00:29.1225, TRANSMISSION, Za_RCuP13U6NzPSWDrFCvQ, Relais, 2, 69.420 FM. 2022-02-26 8:00:25 PM, 2022-02-26 8:00:28 PM, 108.63.217.4:54805
2022-02-26 20:00:38.6905, TRANSMISSION, Za_RCuP13U6NzPSWDrFCvQ, Relais, 2, 69.420 FM. 2022-02-26 8:00:30 PM, 2022-02-26 8:00:37 PM, 108.63.217.4:54805
2022-02-26 20:00:42.7405, TRANSMISSION, Za_RCuP13U6NzPSWDrFCvQ, Relais, 2, 69.420 FM. 2022-02-26 8:00:39 PM, 2022-02-26 8:00:41 PM, 108.63.217.4:54805
2022-02-26 20:00:48.3085, TRANSMISSION, Za_RCuP13U6NzPSWDrFCvQ, Relais, 2, 69.420 FM. 2022-02-26 8:00:45 PM, 2022-02-26 8:00:47 PM, 108.63.217.4:54805
2022-02-26 20:00:53.3828, TRANSMISSION, Za_RCuP13U6NzPSWDrFCvQ, Relais, 2, 69.420 FM. 2022-02-26 8:00:51 PM, 2022-02-26 8:00:52 PM, 108.63.217.4:54805
2022-02-26 20:00:58.4465, TRANSMISSION, Za_RCuP13U6NzPSWDrFCvQ, Relais, 2, 69.420 FM. 2022-02-26 8:00:55 PM, 2022-02-26 8:00:57 PM, 108.63.217.4:54805
2022-02-26 20:01:03.0021, TRANSMISSION, 6CYmpKbEREiGHdLLjupTcg, Scurrdi, 2, 69.420 FM. 2022-02-26 8:00:59 PM, 2022-02-26 8:01:02 PM, 75.33.150.12:63421
2022-02-26 20:02:25.0615, TRANSMISSION, Za_RCuP13U6NzPSWDrFCvQ, Relais, 2, 69.420 FM. 2022-02-26 8:02:19 PM, 2022-02-26 8:02:24 PM, 108.63.217.4:54805
2022-02-26 20:02:34.1548, TRANSMISSION, 6CYmpKbEREiGHdLLjupTcg, Scurrdi, 2, 69.420 FM. 2022-02-26 8:02:30 PM, 2022-02-26 8:02:33 PM, 75.33.150.12:63421
2022-02-26 20:02:34.6645, TRANSMISSION, wSmVAf8qlkes0RLBnT3btA, Zykstar, 2, 69.420 FM. 2022-02-26 8:02:28 PM, 2022-02-26 8:02:34 PM, 134.41.0.42:61761
2022-02-26 20:02:35.1695, TRANSMISSION, Za_RCuP13U6NzPSWDrFCvQ, Relais, 2, 69.420 FM. 2022-02-26 8:02:33 PM, 2022-02-26 8:02:34 PM, 108.63.217.4:54805
2022-02-26 20:02:45.2705, TRANSMISSION, 6CYmpKbEREiGHdLLjupTcg, Scurrdi, 2, 69.420 FM. 2022-02-26 8:02:42 PM, 2022-02-26 8:02:44 PM, 75.33.150.12:63421
2022-02-26 20:02:47.2942, TRANSMISSION, wSmVAf8qlkes0RLBnT3btA, Zykstar, 2, 69.420 FM. 2022-02-26 8:02:45 PM, 2022-02-26 8:02:46 PM, 134.41.0.42:61761
2022-02-26 20:02:51.8524, TRANSMISSION, Za_RCuP13U6NzPSWDrFCvQ, Relais, 2, 69.420 FM. 2022-02-26 8:02:45 PM, 2022-02-26 8:02:51 PM, 108.63.217.4:54805
2022-02-26 20:02:54.8745, TRANSMISSION, wSmVAf8qlkes0RLBnT3btA, Zykstar, 2, 69.420 FM. 2022-02-26 8:02:53 PM, 2022-02-26 8:02:54 PM, 134.41.0.42:61761
2022-02-26 20:02:58.9255, TRANSMISSION, wSmVAf8qlkes0RLBnT3btA, Zykstar, 2, 69.420 FM. 2022-02-26 8:02:56 PM, 2022-02-26 8:02:58 PM, 134.41.0.42:61761
2022-02-26 20:03:01.4565, TRANSMISSION, Za_RCuP13U6NzPSWDrFCvQ, Relais, 2, 69.420 FM. 2022-02-26 8:03:00 PM, 2022-02-26 8:03:01 PM, 108.63.217.4:54805
2022-02-26 20:03:07.5145, TRANSMISSION, Za_RCuP13U6NzPSWDrFCvQ, Relais, 2, 69.420 FM. 2022-02-26 8:03:01 PM, 2022-02-26 8:03:06 PM, 108.63.217.4:54805
2022-02-26 20:03:58.5945, TRANSMISSION, Za_RCuP13U6NzPSWDrFCvQ, Relais, 2, 69.420 FM. 2022-02-26 8:03:54 PM, 2022-02-26 8:03:58 PM, 108.63.217.4:54805
2022-02-26 20:04:22.8295, TRANSMISSION, 6CYmpKbEREiGHdLLjupTcg, Scurrdi, 2, 69.420 FM. 2022-02-26 8:04:19 PM, 2022-02-26 8:04:21 PM, 75.33.150.12:63421
2022-02-26 20:04:27.9175, TRANSMISSION, Ge4zcLE3Q0ifCRIrU9QzLg, Tofutakeout, 2, 69.420 FM. 2022-02-26 8:04:23 PM, 2022-02-26 8:04:27 PM, 45.51.249.70:53196
2022-02-26 20:04:31.9700, TRANSMISSION, wSmVAf8qlkes0RLBnT3btA, Zykstar, 2, 69.420 FM. 2022-02-26 8:04:30 PM, 2022-02-26 8:04:31 PM, 134.41.0.42:61761
2022-02-26 20:04:44.1175, TRANSMISSION, Za_RCuP13U6NzPSWDrFCvQ, Relais, 2, 69.420 FM. 2022-02-26 8:04:42 PM, 2022-02-26 8:04:43 PM, 108.63.217.4:54805
2022-02-26 20:04:44.1175, TRANSMISSION, 6CYmpKbEREiGHdLLjupTcg, Scurrdi, 2, 69.420 FM. 2022-02-26 8:04:35 PM, 2022-02-26 8:04:43 PM, 75.33.150.12:63421
2022-02-26 20:04:49.7078, TRANSMISSION, wSmVAf8qlkes0RLBnT3btA, Zykstar, 2, 69.420 FM. 2022-02-26 8:04:47 PM, 2022-02-26 8:04:49 PM, 134.41.0.42:61761
2022-02-26 20:04:50.2141, TRANSMISSION, 6CYmpKbEREiGHdLLjupTcg, Scurrdi, 2, 69.420 FM. 2022-02-26 8:04:48 PM, 2022-02-26 8:04:49 PM, 75.33.150.12:63421
2022-02-26 20:04:58.3073, TRANSMISSION, 6CYmpKbEREiGHdLLjupTcg, Scurrdi, 2, 69.420 FM. 2022-02-26 8:04:51 PM, 2022-02-26 8:04:57 PM, 75.33.150.12:63421
2022-02-26 20:05:02.8556, TRANSMISSION, Za_RCuP13U6NzPSWDrFCvQ, Relais, 2, 69.420 FM. 2022-02-26 8:04:58 PM, 2022-02-26 8:05:02 PM, 108.63.217.4:54805
2022-02-26 20:05:05.8985, TRANSMISSION, wSmVAf8qlkes0RLBnT3btA, Zykstar, 2, 69.420 FM. 2022-02-26 8:05:03 PM, 2022-02-26 8:05:05 PM, 134.41.0.42:61761
2022-02-26 20:05:10.9570, TRANSMISSION, 6CYmpKbEREiGHdLLjupTcg, Scurrdi, 2, 69.420 FM. 2022-02-26 8:05:03 PM, 2022-02-26 8:05:10 PM, 75.33.150.12:63421
2022-02-26 20:05:11.4675, TRANSMISSION, Za_RCuP13U6NzPSWDrFCvQ, Relais, 2, 69.420 FM. 2022-02-26 8:05:09 PM, 2022-02-26 8:05:10 PM, 108.63.217.4:54805
2022-02-26 20:05:37.7495, TRANSMISSION, Za_RCuP13U6NzPSWDrFCvQ, Relais, 2, 69.420 FM. 2022-02-26 8:05:32 PM, 2022-02-26 8:05:37 PM, 108.63.217.4:54805
2022-02-26 20:05:42.3005, TRANSMISSION, 6CYmpKbEREiGHdLLjupTcg, Scurrdi, 2, 69.420 FM. 2022-02-26 8:05:39 PM, 2022-02-26 8:05:41 PM, 75.33.150.12:63421
2022-02-26 20:05:43.8225, TRANSMISSION, Za_RCuP13U6NzPSWDrFCvQ, Relais, 2, 69.420 FM. 2022-02-26 8:05:42 PM, 2022-02-26 8:05:43 PM, 108.63.217.4:54805
2022-02-26 20:05:48.3999, TRANSMISSION, 6CYmpKbEREiGHdLLjupTcg, Scurrdi, 2, 69.420 FM. 2022-02-26 8:05:46 PM, 2022-02-26 8:05:47 PM, 75.33.150.12:63421
2022-02-26 20:05:52.4511, TRANSMISSION, wSmVAf8qlkes0RLBnT3btA, Zykstar, 2, 69.420 FM. 2022-02-26 8:05:50 PM, 2022-02-26 8:05:52 PM, 134.41.0.42:61761
2022-02-26 20:05:52.9579, TRANSMISSION, 6CYmpKbEREiGHdLLjupTcg, Scurrdi, 2, 69.420 FM. 2022-02-26 8:05:50 PM, 2022-02-26 8:05:52 PM, 75.33.150.12:63421
2022-02-26 20:05:57.0068, TRANSMISSION, Za_RCuP13U6NzPSWDrFCvQ, Relais, 2, 69.420 FM. 2022-02-26 8:05:54 PM, 2022-02-26 8:05:56 PM, 108.63.217.4:54805
2022-02-26 20:06:01.5699, TRANSMISSION, Ge4zcLE3Q0ifCRIrU9QzLg, Tofutakeout, 2, 69.420 FM. 2022-02-26 8:05:55 PM, 2022-02-26 8:06:00 PM, 45.51.249.70:53196
2022-02-26 20:06:05.1161, TRANSMISSION, 6CYmpKbEREiGHdLLjupTcg, Scurrdi, 2, 69.420 FM. 2022-02-26 8:06:00 PM, 2022-02-26 8:06:04 PM, 75.33.150.12:63421
2022-02-26 20:06:06.6381, TRANSMISSION, Za_RCuP13U6NzPSWDrFCvQ, Relais, 2, 69.420 FM. 2022-02-26 8:06:05 PM, 2022-02-26 8:06:06 PM, 108.63.217.4:54805
2022-02-26 20:06:13.2115, TRANSMISSION, Ge4zcLE3Q0ifCRIrU9QzLg, Tofutakeout, 2, 69.420 FM. 2022-02-26 8:06:06 PM, 2022-02-26 8:06:12 PM, 45.51.249.70:53196
2022-02-26 20:06:22.3080, TRANSMISSION, 6CYmpKbEREiGHdLLjupTcg, Scurrdi, 2, 69.420 FM. 2022-02-26 8:06:16 PM, 2022-02-26 8:06:21 PM, 75.33.150.12:63421
2022-02-26 20:06:23.3258, TRANSMISSION, Ge4zcLE3Q0ifCRIrU9QzLg, Tofutakeout, 2, 69.420 FM. 2022-02-26 8:06:22 PM, 2022-02-26 8:06:22 PM, 45.51.249.70:53196
2022-02-26 20:06:49.0995, TRANSMISSION, Ge4zcLE3Q0ifCRIrU9QzLg, Tofutakeout, 2, 69.420 FM. 2022-02-26 8:06:47 PM, 2022-02-26 8:06:48 PM, 45.51.249.70:53196
2022-02-26 20:06:58.7285, TRANSMISSION, wSmVAf8qlkes0RLBnT3btA, Zykstar, 2, 69.420 FM. 2022-02-26 8:06:55 PM, 2022-02-26 8:06:58 PM, 134.41.0.42:61761
2022-02-26 20:08:20.1543, TRANSMISSION, 6CYmpKbEREiGHdLLjupTcg, Scurrdi, 2, 69.420 FM. 2022-02-26 8:08:15 PM, 2022-02-26 8:08:19 PM, 75.33.150.12:63421
2022-02-26 20:08:20.6625, TRANSMISSION, Za_RCuP13U6NzPSWDrFCvQ, Relais, 2, 69.420 FM. 2022-02-26 8:08:19 PM, 2022-02-26 8:08:20 PM, 108.63.217.4:54805
2022-02-26 20:08:48.4968, TRANSMISSION, Za_RCuP13U6NzPSWDrFCvQ, Relais, 2, 69.420 FM. 2022-02-26 8:08:45 PM, 2022-02-26 8:08:47 PM, 108.63.217.4:54805
2022-02-26 20:09:28.0205, TRANSMISSION, Za_RCuP13U6NzPSWDrFCvQ, Relais, 2, 69.420 FM. 2022-02-26 8:09:20 PM, 2022-02-26 8:09:27 PM, 108.63.217.4:54805
2022-02-26 20:09:39.7055, TRANSMISSION, 6CYmpKbEREiGHdLLjupTcg, Scurrdi, 2, 69.420 FM. 2022-02-26 8:09:33 PM, 2022-02-26 8:09:39 PM, 75.33.150.12:63421
2022-02-26 20:09:42.2275, TRANSMISSION, Za_RCuP13U6NzPSWDrFCvQ, Relais, 2, 69.420 FM. 2022-02-26 8:09:40 PM, 2022-02-26 8:09:41 PM, 108.63.217.4:54805
2022-02-26 20:10:06.9968, TRANSMISSION, Za_RCuP13U6NzPSWDrFCvQ, Relais, 2, 69.420 FM. 2022-02-26 8:10:05 PM, 2022-02-26 8:10:06 PM, 108.63.217.4:54805
2022-02-26 20:10:54.0445, TRANSMISSION, Za_RCuP13U6NzPSWDrFCvQ, Relais, 2, 69.420 FM. 2022-02-26 8:10:51 PM, 2022-02-26 8:10:53 PM, 108.63.217.4:54805
2022-02-26 20:11:51.1615, TRANSMISSION, Za_RCuP13U6NzPSWDrFCvQ, Relais, 2, 69.420 FM. 2022-02-26 8:11:48 PM, 2022-02-26 8:11:50 PM, 108.63.217.4:54805
2022-02-26 20:12:04.3050, TRANSMISSION, 6CYmpKbEREiGHdLLjupTcg, Scurrdi, 2, 69.420 FM. 2022-02-26 8:12:02 PM, 2022-02-26 8:12:03 PM, 75.33.150.12:63421
2022-02-26 20:12:10.8995, TRANSMISSION, Za_RCuP13U6NzPSWDrFCvQ, Relais, 2, 69.420 FM. 2022-02-26 8:12:07 PM, 2022-02-26 8:12:10 PM, 108.63.217.4:54805
2022-02-26 20:12:14.4342, TRANSMISSION, Za_RCuP13U6NzPSWDrFCvQ, Relais, 2, 69.420 FM. 2022-02-26 8:12:12 PM, 2022-02-26 8:12:13 PM, 108.63.217.4:54805
2022-02-26 20:12:54.3958, TRANSMISSION, 6CYmpKbEREiGHdLLjupTcg, Scurrdi, 2, 69.420 FM. 2022-02-26 8:12:52 PM, 2022-02-26 8:12:53 PM, 75.33.150.12:63421
2022-02-26 20:13:01.4885, TRANSMISSION, Za_RCuP13U6NzPSWDrFCvQ, Relais, 2, 69.420 FM. 2022-02-26 8:12:59 PM, 2022-02-26 8:13:00 PM, 108.63.217.4:54805
2022-02-26 20:13:05.5385, TRANSMISSION, 6CYmpKbEREiGHdLLjupTcg, Scurrdi, 2, 69.420 FM. 2022-02-26 8:13:01 PM, 2022-02-26 8:13:04 PM, 75.33.150.12:63421
2022-02-26 20:13:07.5520, TRANSMISSION, Za_RCuP13U6NzPSWDrFCvQ, Relais, 2, 69.420 FM. 2022-02-26 8:13:06 PM, 2022-02-26 8:13:06 PM, 108.63.217.4:54805
2022-02-26 20:13:25.2558, TRANSMISSION, Za_RCuP13U6NzPSWDrFCvQ, Relais, 2, 69.420 FM. 2022-02-26 8:13:21 PM, 2022-02-26 8:13:24 PM, 108.63.217.4:54805
2022-02-26 20:13:56.6195, TRANSMISSION, 6CYmpKbEREiGHdLLjupTcg, Scurrdi, 2, 69.420 FM. 2022-02-26 8:13:44 PM, 2022-02-26 8:13:56 PM, 75.33.150.12:63421
2022-02-26 20:14:06.2463, TRANSMISSION, Za_RCuP13U6NzPSWDrFCvQ, Relais, 2, 69.420 FM. 2022-02-26 8:14:01 PM, 2022-02-26 8:14:05 PM, 108.63.217.4:54805
2022-02-26 20:14:11.2818, TRANSMISSION, Za_RCuP13U6NzPSWDrFCvQ, Relais, 2, 69.420 FM. 2022-02-26 8:14:08 PM, 2022-02-26 8:14:10 PM, 108.63.217.4:54805
2022-02-26 20:14:16.3525, TRANSMISSION, 6CYmpKbEREiGHdLLjupTcg, Scurrdi, 2, 69.420 FM. 2022-02-26 8:14:15 PM, 2022-02-26 8:14:15 PM, 75.33.150.12:63421
2022-02-26 20:15:22.0765, TRANSMISSION, Za_RCuP13U6NzPSWDrFCvQ, Relais, 2, 69.420 FM. 2022-02-26 8:15:19 PM, 2022-02-26 8:15:21 PM, 108.63.217.4:54805
2022-02-26 20:15:27.1335, TRANSMISSION, Za_RCuP13U6NzPSWDrFCvQ, Relais, 2, 69.420 FM. 2022-02-26 8:15:25 PM, 2022-02-26 8:15:26 PM, 108.63.217.4:54805
2022-02-26 20:15:36.2381, TRANSMISSION, Za_RCuP13U6NzPSWDrFCvQ, Relais, 2, 69.420 FM. 2022-02-26 8:15:32 PM, 2022-02-26 8:15:35 PM, 108.63.217.4:54805
2022-02-26 20:15:45.3685, TRANSMISSION, 6CYmpKbEREiGHdLLjupTcg, Scurrdi, 2, 69.420 FM. 2022-02-26 8:15:43 PM, 2022-02-26 8:15:44 PM, 75.33.150.12:63421
2022-02-26 20:15:50.4193, TRANSMISSION, Za_RCuP13U6NzPSWDrFCvQ, Relais, 2, 69.420 FM. 2022-02-26 8:15:47 PM, 2022-02-26 8:15:49 PM, 108.63.217.4:54805
2022-02-26 20:15:58.5295, TRANSMISSION, 6CYmpKbEREiGHdLLjupTcg, Scurrdi, 2, 69.420 FM. 2022-02-26 8:15:55 PM, 2022-02-26 8:15:57 PM, 75.33.150.12:63421
2022-02-26 20:15:59.5365, TRANSMISSION, Za_RCuP13U6NzPSWDrFCvQ, Relais, 2, 69.420 FM. 2022-02-26 8:15:57 PM, 2022-02-26 8:15:58 PM, 108.63.217.4:54805
2022-02-26 20:16:32.4265, TRANSMISSION, Ge4zcLE3Q0ifCRIrU9QzLg, Tofutakeout, 2, 69.420 FM. 2022-02-26 8:16:30 PM, 2022-02-26 8:16:31 PM, 45.51.249.70:53196
2022-02-26 20:16:38.9995, TRANSMISSION, Za_RCuP13U6NzPSWDrFCvQ, Relais, 2, 69.420 FM. 2022-02-26 8:16:33 PM, 2022-02-26 8:16:38 PM, 108.63.217.4:54805
2022-02-26 20:16:38.9995, TRANSMISSION, Ge4zcLE3Q0ifCRIrU9QzLg, Tofutakeout, 2, 69.420 FM. 2022-02-26 8:16:37 PM, 2022-02-26 8:16:38 PM, 45.51.249.70:53196
2022-02-26 20:17:34.6045, TRANSMISSION, Ge4zcLE3Q0ifCRIrU9QzLg, Tofutakeout, 2, 69.420 FM. 2022-02-26 8:17:29 PM, 2022-02-26 8:17:34 PM, 45.51.249.70:53196
2022-02-26 20:17:52.8241, TRANSMISSION, 6CYmpKbEREiGHdLLjupTcg, Scurrdi, 2, 69.420 FM. 2022-02-26 8:17:50 PM, 2022-02-26 8:17:52 PM, 75.33.150.12:63421
2022-02-26 20:18:14.5875, TRANSMISSION, wSmVAf8qlkes0RLBnT3btA, Zykstar, 2, 69.420 FM. 2022-02-26 8:18:10 PM, 2022-02-26 8:18:14 PM, 134.41.0.42:61761
2022-02-26 20:18:31.2681, TRANSMISSION, 6CYmpKbEREiGHdLLjupTcg, Scurrdi, 2, 69.420 FM. 2022-02-26 8:18:25 PM, 2022-02-26 8:18:30 PM, 75.33.150.12:63421
2022-02-26 20:18:50.4915, TRANSMISSION, 6CYmpKbEREiGHdLLjupTcg, Scurrdi, 2, 69.420 FM. 2022-02-26 8:18:48 PM, 2022-02-26 8:18:49 PM, 75.33.150.12:63421
2022-02-26 20:19:00.1144, TRANSMISSION, Za_RCuP13U6NzPSWDrFCvQ, Relais, 2, 69.420 FM. 2022-02-26 8:18:58 PM, 2022-02-26 8:18:59 PM, 108.63.217.4:54805
2022-02-26 20:19:03.6535, TRANSMISSION, Ge4zcLE3Q0ifCRIrU9QzLg, Tofutakeout, 2, 69.420 FM. 2022-02-26 8:19:02 PM, 2022-02-26 8:19:02 PM, 45.51.249.70:53196
2022-02-26 20:19:05.1768, TRANSMISSION, Ge4zcLE3Q0ifCRIrU9QzLg, Tofutakeout, 2, 69.420 FM. 2022-02-26 8:19:04 PM, 2022-02-26 8:19:04 PM, 45.51.249.70:53196
2022-02-26 20:20:05.8725, TRANSMISSION, Ge4zcLE3Q0ifCRIrU9QzLg, Tofutakeout, 2, 69.420 FM. 2022-02-26 8:20:01 PM, 2022-02-26 8:20:04 PM, 45.51.249.70:53196
2022-02-26 20:20:11.9525, TRANSMISSION, Ge4zcLE3Q0ifCRIrU9QzLg, Tofutakeout, 2, 69.420 FM. 2022-02-26 8:20:09 PM, 2022-02-26 8:20:11 PM, 45.51.249.70:53196
2022-02-26 20:20:20.0318, TRANSMISSION, Ge4zcLE3Q0ifCRIrU9QzLg, Tofutakeout, 2, 69.420 FM. 2022-02-26 8:20:14 PM, 2022-02-26 8:20:19 PM, 45.51.249.70:53196
2022-02-26 20:21:00.9985, TRANSMISSION, 6CYmpKbEREiGHdLLjupTcg, Scurrdi, 2, 69.420 FM. 2022-02-26 8:20:58 PM, 2022-02-26 8:21:00 PM, 75.33.150.12:63421
2022-02-26 20:21:27.2985, TRANSMISSION, Za_RCuP13U6NzPSWDrFCvQ, Relais, 2, 69.420 FM. 2022-02-26 8:21:19 PM, 2022-02-26 8:21:26 PM, 108.63.217.4:54805
2022-02-26 20:21:33.8588, TRANSMISSION, 6CYmpKbEREiGHdLLjupTcg, Scurrdi, 2, 69.420 FM. 2022-02-26 8:21:28 PM, 2022-02-26 8:21:33 PM, 75.33.150.12:63421
2022-02-26 20:21:35.8934, TRANSMISSION, Za_RCuP13U6NzPSWDrFCvQ, Relais, 2, 69.420 FM. 2022-02-26 8:21:34 PM, 2022-02-26 8:21:35 PM, 108.63.217.4:54805
2022-02-26 20:21:41.9635, TRANSMISSION, 6CYmpKbEREiGHdLLjupTcg, Scurrdi, 2, 69.420 FM. 2022-02-26 8:21:36 PM, 2022-02-26 8:21:41 PM, 75.33.150.12:63421
2022-02-26 20:21:45.0118, TRANSMISSION, Za_RCuP13U6NzPSWDrFCvQ, Relais, 2, 69.420 FM. 2022-02-26 8:21:42 PM, 2022-02-26 8:21:44 PM, 108.63.217.4:54805
2022-02-26 20:21:53.6285, TRANSMISSION, wSmVAf8qlkes0RLBnT3btA, Zykstar, 2, 69.420 FM. 2022-02-26 8:21:49 PM, 2022-02-26 8:21:52 PM, 134.41.0.42:61761
2022-02-26 20:22:13.8615, TRANSMISSION, Ge4zcLE3Q0ifCRIrU9QzLg, Tofutakeout, 2, 69.420 FM. 2022-02-26 8:22:12 PM, 2022-02-26 8:22:13 PM, 45.51.249.70:53196
2022-02-26 20:22:16.3804, TRANSMISSION, Za_RCuP13U6NzPSWDrFCvQ, Relais, 2, 69.420 FM. 2022-02-26 8:22:14 PM, 2022-02-26 8:22:15 PM, 108.63.217.4:54805
2022-02-26 20:22:21.4320, TRANSMISSION, 6CYmpKbEREiGHdLLjupTcg, Scurrdi, 2, 69.420 FM. 2022-02-26 8:22:18 PM, 2022-02-26 8:22:20 PM, 75.33.150.12:63421
2022-02-26 20:22:28.0152, TRANSMISSION, 6CYmpKbEREiGHdLLjupTcg, Scurrdi, 2, 69.420 FM. 2022-02-26 8:22:24 PM, 2022-02-26 8:22:27 PM, 75.33.150.12:63421
2022-02-26 20:22:41.7050, TRANSMISSION, Za_RCuP13U6NzPSWDrFCvQ, Relais, 2, 69.420 FM. 2022-02-26 8:22:39 PM, 2022-02-26 8:22:40 PM, 108.63.217.4:54805
2022-02-26 20:22:55.8724, TRANSMISSION, Ge4zcLE3Q0ifCRIrU9QzLg, Tofutakeout, 2, 69.420 FM. 2022-02-26 8:22:53 PM, 2022-02-26 8:22:55 PM, 45.51.249.70:53196
2022-02-26 20:23:00.9214, TRANSMISSION, 6CYmpKbEREiGHdLLjupTcg, Scurrdi, 2, 69.420 FM. 2022-02-26 8:22:59 PM, 2022-02-26 8:23:00 PM, 75.33.150.12:63421
2022-02-26 20:23:07.5478, TRANSMISSION, Ge4zcLE3Q0ifCRIrU9QzLg, Tofutakeout, 2, 69.420 FM. 2022-02-26 8:23:04 PM, 2022-02-26 8:23:06 PM, 45.51.249.70:53196
2022-02-26 20:23:19.1994, TRANSMISSION, 6CYmpKbEREiGHdLLjupTcg, Scurrdi, 2, 69.420 FM. 2022-02-26 8:23:15 PM, 2022-02-26 8:23:18 PM, 75.33.150.12:63421
2022-02-26 20:23:27.7764, TRANSMISSION, Za_RCuP13U6NzPSWDrFCvQ, Relais, 2, 69.420 FM. 2022-02-26 8:23:25 PM, 2022-02-26 8:23:27 PM, 108.63.217.4:54805
2022-02-26 20:23:33.3285, TRANSMISSION, wSmVAf8qlkes0RLBnT3btA, Zykstar, 2, 69.420 FM. 2022-02-26 8:23:31 PM, 2022-02-26 8:23:32 PM, 134.41.0.42:61761
2022-02-26 20:23:37.8705, TRANSMISSION, Za_RCuP13U6NzPSWDrFCvQ, Relais, 2, 69.420 FM. 2022-02-26 8:23:34 PM, 2022-02-26 8:23:37 PM, 108.63.217.4:54805
2022-02-26 20:24:39.6635, TRANSMISSION, Za_RCuP13U6NzPSWDrFCvQ, Relais, 2, 69.420 FM. 2022-02-26 8:24:38 PM, 2022-02-26 8:24:39 PM, 108.63.217.4:54805
2022-02-26 20:24:40.1648, TRANSMISSION, 6CYmpKbEREiGHdLLjupTcg, Scurrdi, 2, 69.420 FM. 2022-02-26 8:24:38 PM, 2022-02-26 8:24:39 PM, 75.33.150.12:63421
2022-02-26 20:25:28.2455, TRANSMISSION, 6CYmpKbEREiGHdLLjupTcg, Scurrdi, 2, 69.420 FM. 2022-02-26 8:25:18 PM, 2022-02-26 8:25:27 PM, 75.33.150.12:63421
2022-02-26 20:25:29.7615, TRANSMISSION, Za_RCuP13U6NzPSWDrFCvQ, Relais, 2, 69.420 FM. 2022-02-26 8:25:28 PM, 2022-02-26 8:25:29 PM, 108.63.217.4:54805
2022-02-26 20:25:29.7615, TRANSMISSION, Ge4zcLE3Q0ifCRIrU9QzLg, Tofutakeout, 2, 69.420 FM. 2022-02-26 8:25:28 PM, 2022-02-26 8:25:29 PM, 45.51.249.70:53196
2022-02-26 20:25:37.3684, TRANSMISSION, Za_RCuP13U6NzPSWDrFCvQ, Relais, 2, 69.420 FM. 2022-02-26 8:25:29 PM, 2022-02-26 8:25:36 PM, 108.63.217.4:54805
2022-02-26 20:25:41.9153, TRANSMISSION, Za_RCuP13U6NzPSWDrFCvQ, Relais, 2, 69.420 FM. 2022-02-26 8:25:37 PM, 2022-02-26 8:25:41 PM, 108.63.217.4:54805
2022-02-26 20:26:05.6971, TRANSMISSION, Ge4zcLE3Q0ifCRIrU9QzLg, Tofutakeout, 2, 69.420 FM. 2022-02-26 8:25:59 PM, 2022-02-26 8:26:04 PM, 45.51.249.70:53196
2022-02-26 20:26:48.1565, TRANSMISSION, 6CYmpKbEREiGHdLLjupTcg, Scurrdi, 2, 69.420 FM. 2022-02-26 8:26:37 PM, 2022-02-26 8:26:47 PM, 75.33.150.12:63421
2022-02-26 20:26:49.6725, TRANSMISSION, Za_RCuP13U6NzPSWDrFCvQ, Relais, 2, 69.420 FM. 2022-02-26 8:26:48 PM, 2022-02-26 8:26:48 PM, 108.63.217.4:54805
2022-02-26 20:27:51.3734, TRANSMISSION, 6CYmpKbEREiGHdLLjupTcg, Scurrdi, 2, 69.420 FM. 2022-02-26 8:27:49 PM, 2022-02-26 8:27:50 PM, 75.33.150.12:63421
2022-02-26 20:28:11.6295, TRANSMISSION, Ge4zcLE3Q0ifCRIrU9QzLg, Tofutakeout, 2, 69.420 FM. 2022-02-26 8:28:09 PM, 2022-02-26 8:28:10 PM, 45.51.249.70:53196
2022-02-26 20:28:12.6325, TRANSMISSION, Ge4zcLE3Q0ifCRIrU9QzLg, Tofutakeout, 2, 69.420 FM. 2022-02-26 8:28:11 PM, 2022-02-26 8:28:12 PM, 45.51.249.70:53196
2022-02-26 20:28:14.1535, TRANSMISSION, 6CYmpKbEREiGHdLLjupTcg, Scurrdi, 2, 69.420 FM. 2022-02-26 8:28:11 PM, 2022-02-26 8:28:13 PM, 75.33.150.12:63421
2022-02-26 20:29:00.7280, TRANSMISSION, Ge4zcLE3Q0ifCRIrU9QzLg, Tofutakeout, 2, 69.420 FM. 2022-02-26 8:28:58 PM, 2022-02-26 8:28:59 PM, 45.51.249.70:53196
2022-02-26 20:29:45.3035, TRANSMISSION, Ge4zcLE3Q0ifCRIrU9QzLg, Tofutakeout, 2, 69.420 FM. 2022-02-26 8:29:42 PM, 2022-02-26 8:29:44 PM, 45.51.249.70:53196
2022-02-26 20:29:54.4305, TRANSMISSION, 6CYmpKbEREiGHdLLjupTcg, Scurrdi, 2, 69.420 FM. 2022-02-26 8:29:48 PM, 2022-02-26 8:29:53 PM, 75.33.150.12:63421
2022-02-26 20:29:57.9815, TRANSMISSION, Za_RCuP13U6NzPSWDrFCvQ, Relais, 2, 69.420 FM. 2022-02-26 8:29:56 PM, 2022-02-26 8:29:57 PM, 108.63.217.4:54805
2022-02-26 20:30:11.6715, TRANSMISSION, 6CYmpKbEREiGHdLLjupTcg, Scurrdi, 2, 69.420 FM. 2022-02-26 8:30:03 PM, 2022-02-26 8:30:11 PM, 75.33.150.12:63421
2022-02-26 20:30:13.7055, TRANSMISSION, Ge4zcLE3Q0ifCRIrU9QzLg, Tofutakeout, 2, 69.420 FM. 2022-02-26 8:30:11 PM, 2022-02-26 8:30:12 PM, 45.51.249.70:53196
2022-02-26 20:30:16.7495, TRANSMISSION, Za_RCuP13U6NzPSWDrFCvQ, Relais, 2, 69.420 FM. 2022-02-26 8:30:13 PM, 2022-02-26 8:30:16 PM, 108.63.217.4:54805
2022-02-26 20:30:20.2945, TRANSMISSION, Ge4zcLE3Q0ifCRIrU9QzLg, Tofutakeout, 2, 69.420 FM. 2022-02-26 8:30:16 PM, 2022-02-26 8:30:19 PM, 45.51.249.70:53196
2022-02-26 20:30:47.1515, TRANSMISSION, wSmVAf8qlkes0RLBnT3btA, Zykstar, 2, 69.420 FM. 2022-02-26 8:30:44 PM, 2022-02-26 8:30:46 PM, 134.41.0.42:61761
2022-02-26 20:30:49.6783, TRANSMISSION, Ge4zcLE3Q0ifCRIrU9QzLg, Tofutakeout, 2, 69.420 FM. 2022-02-26 8:30:47 PM, 2022-02-26 8:30:48 PM, 45.51.249.70:53196
2022-02-26 20:30:52.2035, TRANSMISSION, Za_RCuP13U6NzPSWDrFCvQ, Relais, 2, 69.420 FM. 2022-02-26 8:30:49 PM, 2022-02-26 8:30:51 PM, 108.63.217.4:54805
2022-02-26 20:30:58.3175, TRANSMISSION, 6CYmpKbEREiGHdLLjupTcg, Scurrdi, 2, 69.420 FM. 2022-02-26 8:30:54 PM, 2022-02-26 8:30:57 PM, 75.33.150.12:63421
2022-02-26 20:31:03.3755, TRANSMISSION, Ge4zcLE3Q0ifCRIrU9QzLg, Tofutakeout, 2, 69.420 FM. 2022-02-26 8:31:00 PM, 2022-02-26 8:31:02 PM, 45.51.249.70:53196
2022-02-26 20:31:54.4898, TRANSMISSION, Za_RCuP13U6NzPSWDrFCvQ, Relais, 2, 69.420 FM. 2022-02-26 8:31:49 PM, 2022-02-26 8:31:53 PM, 108.63.217.4:54805
2022-02-26 20:35:05.8175, TRANSMISSION, 6CYmpKbEREiGHdLLjupTcg, Scurrdi, 2, 69.420 FM. 2022-02-26 8:35:00 PM, 2022-02-26 8:35:05 PM, 75.33.150.12:63421
2022-02-26 20:35:06.8368, TRANSMISSION, Za_RCuP13U6NzPSWDrFCvQ, Relais, 2, 69.420 FM. 2022-02-26 8:35:04 PM, 2022-02-26 8:35:06 PM, 108.63.217.4:54805
2022-02-26 20:35:18.4895, TRANSMISSION, Ge4zcLE3Q0ifCRIrU9QzLg, Tofutakeout, 2, 69.420 FM. 2022-02-26 8:35:16 PM, 2022-02-26 8:35:17 PM, 45.51.249.70:53196
2022-02-26 20:35:24.0608, TRANSMISSION, Za_RCuP13U6NzPSWDrFCvQ, Relais, 2, 69.420 FM. 2022-02-26 8:35:21 PM, 2022-02-26 8:35:23 PM, 108.63.217.4:54805
2022-02-26 20:35:28.1175, TRANSMISSION, Za_RCuP13U6NzPSWDrFCvQ, Relais, 2, 69.420 FM. 2022-02-26 8:35:25 PM, 2022-02-26 8:35:27 PM, 108.63.217.4:54805
2022-02-26 20:36:10.6585, TRANSMISSION, Za_RCuP13U6NzPSWDrFCvQ, Relais, 2, 69.420 FM. 2022-02-26 8:36:06 PM, 2022-02-26 8:36:09 PM, 108.63.217.4:54805
2022-02-26 20:36:36.4705, TRANSMISSION, Ge4zcLE3Q0ifCRIrU9QzLg, Tofutakeout, 2, 69.420 FM. 2022-02-26 8:36:35 PM, 2022-02-26 8:36:35 PM, 45.51.249.70:53196
2022-02-26 20:36:37.9824, TRANSMISSION, Ge4zcLE3Q0ifCRIrU9QzLg, Tofutakeout, 2, 69.420 FM. 2022-02-26 8:36:37 PM, 2022-02-26 8:36:37 PM, 45.51.249.70:53196
2022-02-26 20:36:51.1495, TRANSMISSION, 6CYmpKbEREiGHdLLjupTcg, Scurrdi, 2, 69.420 FM. 2022-02-26 8:36:45 PM, 2022-02-26 8:36:50 PM, 75.33.150.12:63421
2022-02-26 20:36:53.1759, TRANSMISSION, Za_RCuP13U6NzPSWDrFCvQ, Relais, 2, 69.420 FM. 2022-02-26 8:36:51 PM, 2022-02-26 8:36:52 PM, 108.63.217.4:54805
2022-02-26 20:37:04.3255, TRANSMISSION, Za_RCuP13U6NzPSWDrFCvQ, Relais, 2, 69.420 FM. 2022-02-26 8:36:59 PM, 2022-02-26 8:37:03 PM, 108.63.217.4:54805
2022-02-26 20:37:52.4065, TRANSMISSION, Za_RCuP13U6NzPSWDrFCvQ, Relais, 2, 69.420 FM. 2022-02-26 8:37:51 PM, 2022-02-26 8:37:51 PM, 108.63.217.4:54805
2022-02-26 20:37:52.9095, TRANSMISSION, 6CYmpKbEREiGHdLLjupTcg, Scurrdi, 2, 69.420 FM. 2022-02-26 8:37:42 PM, 2022-02-26 8:37:52 PM, 75.33.150.12:63421
2022-02-26 20:37:54.4358, TRANSMISSION, Za_RCuP13U6NzPSWDrFCvQ, Relais, 2, 69.420 FM. 2022-02-26 8:37:53 PM, 2022-02-26 8:37:53 PM, 108.63.217.4:54805
2022-02-26 20:37:56.9555, TRANSMISSION, Ge4zcLE3Q0ifCRIrU9QzLg, Tofutakeout, 2, 69.420 FM. 2022-02-26 8:37:56 PM, 2022-02-26 8:37:56 PM, 45.51.249.70:53196
2022-02-26 21:00:22.4835, TRANSMISSION, Za_RCuP13U6NzPSWDrFCvQ, Relais, 2, 69.420 FM. 2022-02-26 9:00:21 PM, 2022-02-26 9:00:21 PM, 108.63.217.4:54805
2022-02-26 21:10:33.2131, TRANSMISSION, Ge4zcLE3Q0ifCRIrU9QzLg, Tofutakeout, 2, 69.420 FM. 2022-02-26 9:10:31 PM, 2022-02-26 9:10:32 PM, 45.51.249.70:53196
2022-02-26 21:27:27.4545, Caught Socket Error: TimedOut
2022-02-26 21:27:27.4545, Disconnecting Client
2022-02-26 21:27:27.4545, Removed Disconnected Client 6CYmpKbEREiGHdLLjupTcg
2022-02-26 22:28:08.4858, Disconnecting Client
2022-02-26 22:28:08.4858, Removed Disconnected Client Ge4zcLE3Q0ifCRIrU9QzLg
2022-02-26 23:46:00.8655, Disconnecting Client
2022-02-26 23:46:00.8655, Removed Disconnected Client Za_RCuP13U6NzPSWDrFCvQ
